INSERT INTO `assembly_task`(`id`,`program_id`,`assembly_id`,`theme`,`start_date`,`end_date`,`comment`,`job_type`,`created_by`,`status_id`) VALUES
( '11', NULL, NULL, '', '2021-02-25 21:00:00', '2021-02-25 21:01:00', '', NULL, '1', '1' ),
( '13', '12', '2', 'Тема', '2021-03-30 07:00:00', '2021-03-30 11:00:00', '', '1', '3', '2' );

INSERT INTO `shooting_set`(`shooting_id`,`set_id`) VALUES
( '32434', '18' ),
( '32445', '3' ),
( '32444', '6' ),
( '32436', '18' ),
( '32439', '9' ),
( '32449', '2' ),
( '32451', '11' ),
( '32453', '9' ),
( '32452', '1' ),
( '32456', '7' ),
( '32427', '3' ),
( '32463', '10' ),
( '32447', '3' ),
( '32458', '2' ),
( '32465', '1' ),
( '32459', '6' ),
( '32441', '9' ),
( '32460', '22' ),
( '32448', '11' ),
( '32479', '7' ),
( '32450', '2' ),
( '32478', '11' ),
( '32420', '11' ),
( '32474', '1' ),
( '32477', '22' ),
( '32455', '10' ),
( '32423', '6' ),
( '32423', '8' ),
( '32423', '9' ),
( '32484', '3' ),
( '32472', '7' ),
( '32486', '3' ),
( '32490', '7' ),
( '32488', '1' ),
( '32481', '9' ),
( '32471', '8' ),
( '32363', '11' ),
( '32363', '22' ),
( '32489', '2' ),
( '32454', '8' ),
( '32483', '18' ),
( '32253', '22' ),
( '32501', '7' ),
( '32494', '2' ),
( '32502', '17' ),
( '32505', '8' ),
( '32468', '9' ),
( '32468', '11' ),
( '32497', '2' ),
( '32467', '8' ),
( '32507', '8' ),
( '32510', '7' ),
( '32498', '17' ),
( '32520', '9' ),
( '32509', '9' ),
( '32495', '2' ),
( '32525', '8' ),
( '32442', '3' ),
( '32524', '8' ),
( '32503', '18' ),
( '32526', '8' ),
( '32513', '3' ),
( '32491', '9' ),
( '32491', '11' ),
( '32519', '2' ),
( '32528', '8' ),
( '32522', '17' ),
( '32534', '8' ),
( '32529', '2' ),
( '32539', '18' ),
( '32532', '3' ),
( '32530', '11' ),
( '32542', '17' ),
( '32527', '2' ),
( '32523', '8' ),
( '32545', '3' ),
( '32543', '13' ),
( '32517', '18' ),
( '32547', '2' ),
( '32518', '11' ),
( '32548', '3' ),
( '32551', '8' ),
( '32541', '17' ),
( '32540', '18' ),
( '32552', '2' ),
( '32538', '13' ),
( '32531', '18' ),
( '32555', '3' ),
( '32562', '8' ),
( '32553', '17' ),
( '32560', '3' ),
( '32557', '8' ),
( '32492', '3' ),
( '32570', '11' ),
( '32558', '8' ),
( '32572', '3' ),
( '32565', '2' ),
( '32559', '8' ),
( '32537', '3' ),
( '32569', '3' ),
( '32573', '2' ),
( '32563', '18' ),
( '32574', '11' ),
( '32577', '2' ),
( '32577', '3' ),
( '32577', '8' ),
( '32575', '2' ),
( '32550', '13' ),
( '32372', '9' ),
( '32372', '18' ),
( '32571', '13' ),
( '32580', '18' ),
( '32576', '3' ),
( '32587', '18' ),
( '32535', '13' ),
( '32535', '17' ),
( '32581', '2' ),
( '32581', '11' ),
( '32579', '9' ),
( '32586', '3' ),
( '32588', '8' ),
( '32567', '18' ),
( '32600', '8' ),
( '32596', '3' ),
( '32590', '18' ),
( '32554', '9' ),
( '32599', '13' ),
( '32611', '11' ),
( '32615', '3' ),
( '32614', '18' ),
( '32618', '13' ),
( '32585', '3' ),
( '32620', '18' ),
( '32597', '9' ),
( '32610', '2' ),
( '32589', '13' ),
( '32608', '8' ),
( '32625', '18' ),
( '32595', '18' ),
( '32624', '11' ),
( '32622', '18' ),
( '32613', '3' ),
( '32578', '8' ),
( '32628', '11' ),
( '32623', '9' ),
( '32609', '2' ),
( '32627', '18' ),
( '32629', '11' ),
( '32621', '8' ),
( '32603', '18' ),
( '32598', '3' ),
( '32604', '9' ),
( '32635', '13' ),
( '32638', '18' ),
( '32630', '9' ),
( '32631', '18' ),
( '32641', '3' ),
( '32643', '2' ),
( '32642', '8' ),
( '32632', '11' ),
( '32644', '8' ),
( '32645', '2' ),
( '32617', '3' ),
( '32653', '13' ),
( '32665', '8' ),
( '32651', '3' ),
( '32655', '18' ),
( '32646', '2' ),
( '32640', '13' ),
( '32654', '3' ),
( '32674', '8' ),
( '32639', '18' ),
( '32675', '8' ),
( '32676', '11' ),
( '32656', '2' ),
( '32619', '8' ),
( '32657', '8' ),
( '32684', '3' ),
( '32685', '13' ),
( '32649', '18' ),
( '32679', '11' ),
( '32680', '8' ),
( '32691', '13' ),
( '32693', '11' ),
( '32682', '18' ),
( '32697', '8' ),
( '32663', '2' ),
( '32690', '3' ),
( '32690', '17' ),
( '32690', '18' ),
( '32692', '8' ),
( '32700', '11' ),
( '32668', '3' ),
( '32683', '18' ),
( '32704', '17' ),
( '32702', '2' ),
( '32694', '11' ),
( '32698', '2' ),
( '32681', '3' ),
( '32699', '11' ),
( '32705', '18' ),
( '32669', '17' ),
( '32669', '18' ),
( '32706', '8' ),
( '32715', '2' ),
( '32696', '9' ),
( '32708', '3' ),
( '32712', '11' ),
( '32662', '11' ),
( '32707', '3' ),
( '32717', '2' ),
( '32717', '18' ),
( '32688', '8' ),
( '32711', '9' ),
( '32722', '11' ),
( '32666', '8' ),
( '32723', '3' ),
( '32718', '2' ),
( '32709', '11' ),
( '32710', '9' ),
( '32716', '3' ),
( '32701', '3' ),
( '32724', '2' ),
( '32713', '18' ),
( '32720', '9' ),
( '32721', '11' ),
( '32726', '9' ),
( '32729', '11' ),
( '32728', '18' ),
( '32732', '3' ),
( '32737', '13' ),
( '32734', '11' ),
( '32740', '3' ),
( '32743', '11' ),
( '32730', '17' ),
( '32731', '18' ),
( '32738', '3' ),
( '32736', '13' ),
( '32650', '9' ),
( '32744', '18' ),
( '32749', '18' ),
( '32735', '11' ),
( '32752', '18' ),
( '32761', '2' ),
( '32759', '13' ),
( '32764', '11' ),
( '32748', '3' ),
( '32753', '3' ),
( '32751', '9' ),
( '32775', '11' );

INSERT INTO `shooting_set`(`shooting_id`,`set_id`) VALUES
( '32727', '17' ),
( '32772', '2' ),
( '32750', '15' ),
( '32780', '9' ),
( '32779', '11' ),
( '32760', '18' ),
( '32762', '3' ),
( '32777', '3' ),
( '32758', '13' ),
( '32787', '2' ),
( '32766', '15' ),
( '32782', '9' ),
( '32755', '3' ),
( '32745', '3' ),
( '32768', '18' ),
( '32769', '2' ),
( '32778', '17' ),
( '32763', '13' ),
( '32773', '2' ),
( '32796', '18' ),
( '32801', '15' ),
( '32797', '9' ),
( '32786', '17' ),
( '32798', '13' ),
( '32757', '3' ),
( '32783', '18' ),
( '32804', '18' ),
( '32794', '2' ),
( '32788', '9' ),
( '32810', '11' ),
( '32792', '15' ),
( '32776', '15' ),
( '32813', '18' ),
( '32808', '2' ),
( '32818', '11' ),
( '32784', '18' ),
( '32812', '15' ),
( '32821', '11' ),
( '32819', '3' ),
( '32815', '15' ),
( '32807', '9' ),
( '32820', '18' ),
( '32822', '2' ),
( '32823', '3' ),
( '32816', '18' ),
( '32824', '2' ),
( '32829', '13' ),
( '32564', '3' ),
( '32831', '2' ),
( '32809', '13' ),
( '32830', '3' ),
( '32839', '2' ),
( '32836', '13' ),
( '32840', '18' ),
( '32803', '15' ),
( '32843', '3' ),
( '32826', '18' ),
( '32844', '3' ),
( '32845', '3' ),
( '32837', '11' ),
( '32847', '13' ),
( '32841', '11' ),
( '32848', '3' ),
( '32817', '2' ),
( '32851', '13' ),
( '32851', '18' ),
( '32670', '18' ),
( '32838', '2' ),
( '32853', '2' ),
( '32854', '18' ),
( '32858', '15' ),
( '32862', '15' ),
( '32852', '11' ),
( '32832', '2' ),
( '32869', '13' ),
( '32873', '3' ),
( '32842', '18' ),
( '32868', '3' ),
( '32875', '13' ),
( '32878', '3' ),
( '32850', '18' ),
( '32874', '15' ),
( '32866', '2' ),
( '32867', '15' ),
( '32879', '18' ),
( '32881', '2' ),
( '32856', '18' ),
( '32871', '3' ),
( '32880', '11' ),
( '32846', '15' ),
( '32870', '13' ),
( '32886', '18' ),
( '32885', '2' ),
( '32872', '2' ),
( '32895', '15' ),
( '32876', '18' ),
( '32860', '3' ),
( '32887', '13' ),
( '32882', '15' ),
( '32857', '2' ),
( '32877', '18' ),
( '32899', '2' ),
( '32902', '11' ),
( '32901', '11' ),
( '32890', '3' ),
( '32859', '11' ),
( '32900', '13' ),
( '32888', '3' ),
( '32907', '18' ),
( '32906', '18' ),
( '32908', '3' ),
( '32909', '3' ),
( '32910', '3' ),
( '32911', '3' ),
( '32891', '13' ),
( '32863', '18' ),
( '32913', '3' ),
( '32897', '11' ),
( '32893', '2' ),
( '32864', '15' ),
( '32894', '3' ),
( '32785', '18' ),
( '32921', '3' ),
( '32855', '13' ),
( '32932', '11' ),
( '32920', '3' ),
( '32922', '18' ),
( '32924', '2' ),
( '32926', '2' ),
( '32923', '18' ),
( '32939', '15' ),
( '32915', '3' ),
( '32936', '2' ),
( '32825', '9' ),
( '32825', '17' ),
( '32942', '13' ),
( '32944', '2' ),
( '32945', '3' ),
( '32919', '11' );

INSERT INTO `shooting_cars`(`shooting_id`,`car_id`) VALUES
( '32247', '48' ),
( '32256', '62' ),
( '32258', '58' ),
( '32262', '66' ),
( '32263', '36' ),
( '32257', '35' ),
( '32257', '43' ),
( '32272', '61' ),
( '32275', '36' ),
( '32265', '61' ),
( '32265', '63' ),
( '32267', '58' ),
( '32274', '43' ),
( '32277', '65' ),
( '32276', '58' ),
( '32284', '62' ),
( '32281', '43' ),
( '32268', '35' ),
( '32268', '61' ),
( '32270', '65' ),
( '32285', '66' ),
( '32273', '63' ),
( '32291', '48' ),
( '32278', '62' ),
( '32279', '61' ),
( '32279', '43' ),
( '32266', '35' ),
( '32266', '58' ),
( '32294', '62' ),
( '32293', '62' ),
( '32297', '48' ),
( '32301', '44' ),
( '32289', '66' ),
( '32306', '58' ),
( '32296', '48' ),
( '32295', '44' ),
( '32308', '36' ),
( '32290', '66' ),
( '32298', '61' ),
( '32298', '63' ),
( '32311', '43' ),
( '32309', '58' ),
( '32307', '65' ),
( '32312', '36' ),
( '32315', '66' ),
( '32303', '58' ),
( '32316', '62' ),
( '32314', '66' ),
( '32321', '61' ),
( '32328', '63' ),
( '32320', '61' ),
( '32324', '66' ),
( '32319', '43' ),
( '32325', '66' ),
( '32330', '36' ),
( '32331', '35' ),
( '32329', '48' ),
( '32329', '61' ),
( '32333', '48' ),
( '32334', '62' ),
( '32336', '44' ),
( '32336', '61' ),
( '32317', '65' ),
( '32342', '36' ),
( '32332', '48' ),
( '32335', '62' ),
( '32340', '48' ),
( '32299', '58' ),
( '32299', '61' ),
( '32350', '44' ),
( '32353', '43' ),
( '32313', '58' ),
( '32352', '61' ),
( '32323', '63' ),
( '32341', '35' ),
( '32337', '66' ),
( '32344', '62' ),
( '32344', '66' ),
( '32339', '35' ),
( '32343', '43' ),
( '32360', '44' ),
( '32357', '66' ),
( '32356', '62' ),
( '32359', '61' ),
( '32362', '61' ),
( '32346', '43' ),
( '32365', '66' ),
( '32358', '63' ),
( '32364', '44' ),
( '32354', '35' ),
( '32354', '62' ),
( '32379', '66' ),
( '32381', '58' ),
( '32369', '48' ),
( '32389', '44' ),
( '32367', '63' ),
( '32366', '61' ),
( '32385', '64' ),
( '32400', '62' ),
( '32396', '65' ),
( '32380', '48' ),
( '32384', '48' ),
( '32382', '63' ),
( '32376', '58' ),
( '32390', '62' ),
( '32374', '62' ),
( '32409', '66' ),
( '32378', '65' ),
( '32370', '48' ),
( '32392', '63' ),
( '32408', '73' ),
( '32373', '58' ),
( '32403', '62' ),
( '32397', '58' ),
( '32383', '61' ),
( '32410', '44' ),
( '32399', '73' ),
( '32305', '66' ),
( '32286', '66' ),
( '32415', '48' ),
( '32391', '61' ),
( '32361', '63' ),
( '32402', '58' ),
( '32393', '66' ),
( '32398', '65' ),
( '32405', '61' ),
( '32411', '44' ),
( '32377', '48' ),
( '32416', '63' ),
( '32407', '43' ),
( '32394', '62' ),
( '32419', '44' ),
( '32418', '73' ),
( '32428', '58' ),
( '32429', '62' ),
( '32422', '61' ),
( '32422', '73' ),
( '32424', '61' ),
( '32425', '73' ),
( '32421', '61' ),
( '32414', '48' ),
( '32431', '43' ),
( '32375', '66' ),
( '32412', '65' ),
( '32395', '63' ),
( '32430', '35' ),
( '32440', '62' ),
( '32438', '44' ),
( '32443', '73' ),
( '32434', '35' ),
( '32434', '61' ),
( '32434', '66' ),
( '32445', '36' ),
( '32444', '63' ),
( '32436', '63' ),
( '32439', '36' ),
( '32449', '62' ),
( '32451', '35' ),
( '32446', '61' ),
( '32453', '36' ),
( '32435', '73' ),
( '32452', '44' ),
( '32456', '65' ),
( '32457', '71' ),
( '32427', '48' ),
( '32463', '73' ),
( '32447', '73' ),
( '32470', '66' ),
( '32458', '63' ),
( '32465', '44' ),
( '32459', '66' ),
( '32441', '35' ),
( '32460', '36' ),
( '32448', '73' ),
( '32479', '63' ),
( '32450', '61' ),
( '32478', '63' ),
( '32420', '62' ),
( '32474', '44' ),
( '32477', '66' ),
( '32455', '58' ),
( '32423', '73' ),
( '32484', '63' ),
( '32472', '36' ),
( '32486', '63' ),
( '32490', '66' ),
( '32481', '43' ),
( '32471', '48' ),
( '32363', '73' ),
( '32489', '58' ),
( '32487', '62' ),
( '32483', '63' ),
( '32253', '66' ),
( '32501', '63' ),
( '32494', '43' ),
( '32502', '73' ),
( '32505', '65' ),
( '32485', '61' ),
( '32468', '65' ),
( '32497', '43' ),
( '32506', '60' ),
( '32467', '66' ),
( '32476', '61' ),
( '32507', '63' ),
( '32496', '63' ),
( '32504', '62' ),
( '32510', '35' ),
( '32515', '65' ),
( '32514', '44' ),
( '32520', '63' ),
( '32509', '36' ),
( '32495', '61' ),
( '32442', '44' ),
( '32524', '66' ),
( '32503', '61' ),
( '32513', '73' ),
( '32491', '63' ),
( '32521', '63' ),
( '32519', '48' ),
( '32528', '66' ),
( '32522', '61' ),
( '32516', '66' ),
( '32534', '48' ),
( '32529', '63' ),
( '32539', '61' ),
( '32532', '44' ),
( '32530', '73' ),
( '32542', '62' ),
( '32527', '61' ),
( '32523', '36' ),
( '32499', '48' ),
( '32500', '62' ),
( '32545', '35' ),
( '32543', '35' ),
( '32517', '43' ),
( '32547', '61' ),
( '32518', '44' ),
( '32548', '65' ),
( '32546', '66' ),
( '32551', '58' ),
( '32541', '63' ),
( '32540', '48' ),
( '32511', '73' ),
( '32552', '61' ),
( '32538', '35' ),
( '32531', '66' ),
( '32555', '43' ),
( '32562', '73' ),
( '32512', '63' ),
( '32561', '35' );

INSERT INTO `shooting_cars`(`shooting_id`,`car_id`) VALUES
( '32553', '61' ),
( '32560', '63' ),
( '32557', '73' ),
( '32492', '73' ),
( '32570', '65' ),
( '32558', '58' ),
( '32572', '63' ),
( '32565', '62' ),
( '32559', '73' ),
( '32537', '58' ),
( '32569', '58' ),
( '32573', '62' ),
( '32533', '43' ),
( '32563', '73' ),
( '32575', '66' ),
( '32550', '62' ),
( '32372', '65' ),
( '32372', '17' ),
( '32571', '73' ),
( '32580', '66' ),
( '32576', '58' ),
( '32587', '62' ),
( '32535', '66' ),
( '32581', '62' ),
( '32579', '65' ),
( '32586', '43' ),
( '32583', '73' ),
( '32588', '35' ),
( '32567', '63' ),
( '32596', '73' ),
( '32591', '61' ),
( '32590', '43' ),
( '32602', '58' ),
( '32602', '36' ),
( '32554', '66' ),
( '32599', '63' ),
( '32611', '36' ),
( '32615', '43' ),
( '32592', '73' ),
( '32618', '62' ),
( '32585', '66' ),
( '32620', '36' ),
( '32597', '58' ),
( '32610', '63' ),
( '32589', '62' ),
( '32608', '61' ),
( '32625', '61' ),
( '32595', '43' ),
( '32624', '44' ),
( '32622', '43' ),
( '32536', '65' ),
( '32613', '35' ),
( '32578', '43' ),
( '32628', '61' ),
( '32623', '36' ),
( '32612', '61' ),
( '32609', '73' ),
( '32627', '43' ),
( '32629', '63' ),
( '32621', '35' ),
( '32603', '43' ),
( '32598', '66' ),
( '32604', '73' ),
( '32634', '58' ),
( '32635', '62' ),
( '32638', '58' ),
( '32636', '43' ),
( '32630', '66' ),
( '32631', '35' ),
( '32641', '61' ),
( '32643', '35' ),
( '32642', '73' ),
( '32584', '58' ),
( '32584', '66' ),
( '32632', '63' ),
( '32616', '43' ),
( '32645', '43' ),
( '32617', '66' ),
( '32593', '61' ),
( '32593', '43' ),
( '32637', '63' ),
( '32653', '63' ),
( '32665', '35' ),
( '32651', '73' ),
( '32655', '43' ),
( '32660', '73' ),
( '32660', '62' ),
( '32646', '66' ),
( '32640', '66' ),
( '32654', '62' ),
( '32674', '61' ),
( '32639', '65' ),
( '32675', '61' ),
( '32661', '44' ),
( '32676', '65' ),
( '32667', '43' ),
( '32656', '43' ),
( '32672', '61' ),
( '32619', '36' ),
( '32678', '61' ),
( '32664', '63' ),
( '32605', '62' ),
( '32657', '66' ),
( '32684', '44' ),
( '32685', '36' ),
( '32649', '43' ),
( '32679', '66' ),
( '32658', '62' ),
( '32671', '63' ),
( '32659', '73' ),
( '32659', '62' ),
( '32680', '35' ),
( '32691', '61' ),
( '32693', '73' ),
( '32686', '48' ),
( '32689', '66' ),
( '32682', '62' ),
( '32697', '35' ),
( '32663', '46' ),
( '32690', '44' ),
( '32690', '62' ),
( '32692', '35' ),
( '32700', '63' ),
( '32648', '66' ),
( '32668', '65' ),
( '32668', '73' ),
( '32683', '61' ),
( '32704', '43' ),
( '32702', '48' ),
( '32694', '63' ),
( '32698', '73' ),
( '32681', '73' ),
( '32699', '66' ),
( '32705', '61' ),
( '32669', '43' ),
( '32706', '44' ),
( '32715', '63' ),
( '32696', '62' ),
( '32708', '73' ),
( '32712', '36' ),
( '32662', '36' ),
( '32707', '62' ),
( '32717', '66' ),
( '32688', '63' ),
( '32711', '44' ),
( '32666', '65' ),
( '32718', '43' ),
( '32709', '73' ),
( '32710', '35' ),
( '32716', '44' ),
( '32687', '48' ),
( '32719', '46' ),
( '32701', '62' ),
( '32724', '46' ),
( '32713', '44' ),
( '32720', '63' ),
( '32721', '48' ),
( '32673', '66' ),
( '32725', '43' ),
( '32728', '73' ),
( '32732', '66' ),
( '32737', '44' ),
( '32734', '66' ),
( '32740', '48' ),
( '32743', '46' ),
( '32730', '62' ),
( '32731', '62' ),
( '32738', '48' ),
( '32736', '46' ),
( '32650', '63' ),
( '32744', '63' ),
( '32741', '64' ),
( '32739', '35' ),
( '32749', '44' ),
( '32735', '61' ),
( '32752', '43' ),
( '32761', '73' ),
( '32759', '63' ),
( '32748', '62' ),
( '32753', '62' ),
( '32751', '63' ),
( '32727', '62' ),
( '32772', '43' ),
( '32771', '48' ),
( '32750', '46' ),
( '32780', '63' ),
( '32779', '65' ),
( '32760', '73' ),
( '32762', '35' ),
( '32777', '35' ),
( '32758', '61' ),
( '32766', '46' ),
( '32782', '63' ),
( '32755', '66' ),
( '32745', '46' ),
( '32768', '35' ),
( '32769', '44' ),
( '32778', '63' ),
( '32763', '43' ),
( '32773', '61' ),
( '32781', '46' ),
( '32781', '66' ),
( '32797', '63' ),
( '32786', '36' ),
( '32798', '62' ),
( '32757', '48' ),
( '32783', '73' ),
( '32804', '35' ),
( '32794', '63' ),
( '32788', '46' ),
( '32806', '62' ),
( '32799', '36' ),
( '32805', '48' ),
( '32810', '66' ),
( '32792', '43' ),
( '32776', '43' ),
( '32791', '48' ),
( '32813', '73' ),
( '32808', '44' ),
( '32784', '46' ),
( '32812', '63' ),
( '32811', '44' ),
( '32819', '61' ),
( '32815', '63' ),
( '32820', '44' ),
( '32822', '43' ),
( '32823', '65' ),
( '32816', '62' ),
( '32824', '43' ),
( '32789', '48' ),
( '32789', '61' ),
( '32789', '63' ),
( '32789', '66' ),
( '32829', '46' ),
( '32564', '61' ),
( '32831', '73' ),
( '32809', '63' ),
( '32830', '36' ),
( '32839', '35' ),
( '32836', '44' ),
( '32840', '58' ),
( '32803', '63' ),
( '32843', '48' ),
( '32826', '46' ),
( '32845', '48' ),
( '32837', '62' ),
( '32827', '61' ),
( '32847', '48' ),
( '32849', '73' ),
( '32841', '63' );

INSERT INTO `shooting_cars`(`shooting_id`,`car_id`) VALUES
( '32848', '46' ),
( '32817', '43' ),
( '32851', '48' ),
( '32851', '36' ),
( '32670', '48' ),
( '32670', '36' ),
( '32828', '43' ),
( '32838', '66' ),
( '32853', '66' ),
( '32854', '35' ),
( '32714', '61' ),
( '32858', '48' ),
( '32862', '48' ),
( '32852', '46' ),
( '32832', '62' ),
( '32873', '36' ),
( '32842', '66' ),
( '32868', '35' ),
( '32875', '66' ),
( '32878', '73' ),
( '32850', '66' ),
( '32874', '65' ),
( '32866', '63' ),
( '32867', '46' ),
( '32879', '66' ),
( '32881', '63' ),
( '32856', '48' ),
( '32871', '73' ),
( '32802', '61' ),
( '32802', '63' ),
( '32880', '44' ),
( '32846', '48' ),
( '32870', '73' ),
( '32886', '46' ),
( '32885', '36' ),
( '32872', '36' ),
( '32876', '46' ),
( '32860', '62' ),
( '32887', '73' ),
( '32857', '36' ),
( '32877', '66' ),
( '32899', '36' ),
( '32889', '61' ),
( '32901', '73' ),
( '32884', '35' ),
( '32890', '46' ),
( '32859', '63' ),
( '32900', '73' ),
( '32888', '46' ),
( '32907', '48' ),
( '32906', '48' ),
( '32905', '36' ),
( '32891', '63' ),
( '32863', '61' ),
( '32912', '46' ),
( '32897', '48' ),
( '32893', '66' ),
( '32864', '36' ),
( '32894', '61' ),
( '32903', '62' ),
( '32917', '48' ),
( '32914', '66' ),
( '32855', '62' ),
( '32928', '36' ),
( '32932', '46' ),
( '32920', '44' ),
( '32922', '35' ),
( '32916', '48' ),
( '32916', '43' ),
( '32924', '63' ),
( '32926', '63' ),
( '32923', '46' ),
( '32931', '48' ),
( '32939', '63' ),
( '32915', '48' ),
( '32936', '36' ),
( '32930', '63' ),
( '32930', '73' ),
( '32933', '66' ),
( '32938', '73' ),
( '32825', '65' ),
( '32825', '46' ),
( '32942', '62' ),
( '32944', '44' ),
( '32945', '66' ),
( '32919', '46' ),
( '32934', '73' ),
( '32943', '43' ),
( '32946', '61' ),
( '32925', '73' ),
( '32937', '44' ),
( '32898', '46' ),
( '32949', '48' ),
( '32955', '48' ),
( '32935', '48' ),
( '32948', '48' ),
( '32941', '63' ),
( '32952', '62' ),
( '32956', '62' );

INSERT INTO `sets`(`id`,`name`) VALUES
( '1', 'ТЖК №1' ),
( '10', 'ТЖК №10' ),
( '11', 'ТЖК №11' ),
( '12', 'ТЖК №12' ),
( '13', 'ТЖК №13' ),
( '14', 'ТЖК №14' ),
( '15', 'ТЖК №15' ),
( '16', 'ТЖК №16' ),
( '17', 'ТЖК №17' ),
( '18', 'ТЖК №18' ),
( '19', 'ТЖК №19' ),
( '2', 'ТЖК №2' ),
( '20', 'ТЖК №20' ),
( '21', 'ТЖК №21' ),
( '22', 'ТЖК №22' ),
( '23', 'ТЖК №23' ),
( '24', 'ТЖК №24' ),
( '25', 'ТЖК №25' ),
( '3', 'ТЖК №3' ),
( '4', 'ТЖК №4' ),
( '5', 'ТЖК №5' ),
( '6', 'ТЖК №6' ),
( '7', 'ТЖК №7' ),
( '8', 'ТЖК №8' ),
( '9', 'ТЖК №9' );

INSERT INTO `cars`(`id`,`model`,`places`,`with_psss`,`number`) VALUES
( '17', 'Ford Transit', '2', '1', 'С279ХМ177' ),
( '18', 'Nissan Teana', '4', '0', 'У503АВ777' ),
( '22', 'Nissan Teana', '4', '0', 'А633КА777' ),
( '31', 'Kia Optima', '4', '0', 'Е763РР777' ),
( '32', 'Kia Optima', '4', '0', 'В704ТО777' ),
( '33', 'Kia Ceed', '4', '0', 'В0603О777' ),
( '35', 'Kia Ceed', '4', '0', 'Н2465А777' ),
( '36', 'Kia Ceed', '4', '0', 'Н9153А777' ),
( '37', 'Kia Ceed', '4', '0', 'Н9485А777' ),
( '43', 'Volkswagen Caravelle', '7', '0', 'Х445РУ777' ),
( '44', 'Kia Ceed', '4', '0', 'В904СТ777' ),
( '46', 'Volkswagen Caravelle', '7', '0', 'Х320УН777' ),
( '48', 'Volkswagen Caravelle', '7', '0', 'К420ХТ777' ),
( '51', 'Такси', '12', '0', 'ТАКСИ ###' ),
( '58', 'Volkswagen Caravelle', '7', '0', 'Н721ВУ799' ),
( '60', 'Kia Optima', '4', '0', 'О375ВУ799' ),
( '61', 'Volkswagen Caravelle', '7', '0', 'О655ЕО799' ),
( '62', 'Volkswagen Caravelle', '7', '0', 'У610АН799' ),
( '63', 'Volkswagen Caravelle', '7', '0', 'С097Н5799' ),
( '64', 'Volkswagen Amarok', '4', '0', 'В418Н1799' ),
( '65', 'Volkswagen Caravelle', '7', '0', 'В0254Х799' ),
( '66', 'Volkswagen Caravelle', '7', '0', 'Х164МТ799' ),
( '67', 'Hyundai Creta', '4', '0', 'В296СТ777' ),
( '68', 'Volkswagen Caravelle', '3', '0', 'А113ВХ198' ),
( '69', 'Volkswagen Multivan', '5', '0', 'С041НК799' ),
( '71', 'Volkswagen', '7', '0', 'М9674Е799' ),
( '73', 'Volkswagen Caravelle', '7', '0', 'У362ХЕ799' );


INSERT INTO `shootings` (`id`,`program_id`,`send_time`,`start_time`,`return_time`,`complete_time`,`status_id`) VALUES
( 32702,33,'2021-05-27 14:00:00','2021-05-27 15:30:00','2021-05-27 20:30:00','2021-05-27 20:00:00',3 ),
( 32703,81,'2021-05-28 09:00:00','2021-05-28 10:30:00','2021-05-28 17:00:00',NULL,4 ),
( 32704,12,'2021-05-27 03:10:00','2021-05-27 04:50:00','2021-05-27 09:00:00','2021-05-27 09:20:00',3 ),
( 32705,12,'2021-05-27 13:00:00','2021-05-27 14:00:00','2021-05-27 19:00:00','2021-05-27 19:00:00',3 ),
( 32706,12,'2021-05-28 06:00:00','2021-05-28 08:00:00','2021-05-28 14:00:00','2021-05-28 12:00:00',3 ),
( 32707,12,'2021-05-29 06:30:00','2021-05-29 09:00:00','2021-05-29 13:00:00','2021-05-29 12:00:00',3 ),
( 32708,37,'2021-05-28 05:00:00','2021-05-28 06:30:00','2021-05-28 12:00:00','2021-05-28 13:00:00',3 ),
( 32709,12,'2021-05-31 04:30:00','2021-05-31 06:00:00','2021-05-31 09:00:00','2021-05-31 10:00:00',3 ),
( 32710,12,'2021-05-31 08:30:00','2021-05-31 10:00:00','2021-05-31 14:00:00','2021-05-31 13:00:00',3 ),
( 32711,37,'2021-05-29 07:00:00','2021-05-29 08:00:00','2021-05-29 12:00:00','2021-05-29 09:30:00',3 ),
( 32712,12,'2021-05-28 10:00:00','2021-05-28 12:30:00','2021-05-28 15:00:00','2021-05-28 16:00:00',3 ),
( 32713,12,'2021-06-01 04:30:00','2021-06-01 06:00:00','2021-06-01 10:00:00','2021-06-01 08:00:00',3 ),
( 32714,12,'2021-07-20 06:00:00','2021-07-20 07:00:00','2021-07-25 18:00:00',NULL,1 ),
( 32715,29,'2021-05-28 06:30:00','2021-05-28 08:00:00','2021-05-28 12:00:00','2021-05-28 12:00:00',3 ),
( 32716,36,'2021-05-31 06:50:00','2021-05-31 07:00:00','2021-05-31 10:00:00','2021-05-31 10:30:00',3 ),
( 32717,37,'2021-05-29 06:30:00','2021-05-29 07:30:00','2021-05-29 16:00:00','2021-05-29 14:00:00',3 ),
( 32718,60,'2021-05-31 04:30:00','2021-05-31 06:00:00','2021-05-31 14:00:00','2021-05-31 13:30:00',3 ),
( 32719,12,'2021-05-31 05:00:00','2021-05-31 07:00:00','2021-05-31 15:00:00','2021-05-31 14:30:00',3 ),
( 32720,12,'2021-06-01 05:30:00','2021-06-01 06:00:00','2021-06-01 12:00:00','2021-06-01 11:00:00',3 ),
( 32721,12,'2021-06-01 05:30:00','2021-06-01 07:00:00','2021-06-01 13:00:00','2021-06-01 09:30:00',3 ),
( 32722,37,'2021-05-29 15:20:00','2021-05-29 15:30:00','2021-05-29 16:30:00','2021-05-29 17:00:00',3 ),
( 32723,12,'2021-05-29 15:30:00','2021-05-29 15:45:00','2021-05-29 16:30:00','2021-05-29 17:00:00',3 ),
( 32724,87,'2021-06-01 10:30:00','2021-06-01 12:00:00','2021-06-01 15:00:00',NULL,4 ),
( 32725,112,'2021-06-01 08:00:00','2021-06-01 09:30:00','2021-06-01 13:30:00','2021-06-01 14:00:00',3 ),
( 32726,79,'2021-06-01 11:30:00','2021-06-01 12:00:00','2021-06-01 14:30:00','2021-06-01 14:00:00',3 ),
( 32727,12,'2021-06-08 04:00:00','2021-06-08 05:30:00','2021-06-08 17:00:00','2021-06-08 18:30:00',3 ),
( 32728,12,'2021-06-02 09:00:00','2021-06-02 10:00:00','2021-06-02 13:00:00','2021-06-02 13:00:00',3 ),
( 32729,12,'2021-06-01 11:50:00','2021-06-01 12:00:00','2021-06-01 12:30:00','2021-06-01 12:50:00',3 ),
( 32730,66,'2021-06-03 14:00:00','2021-06-03 15:30:00','2021-06-03 17:30:00','2021-06-03 18:00:00',3 ),
( 32731,12,'2021-06-04 07:30:00','2021-06-04 08:30:00','2021-06-04 11:00:00','2021-06-04 10:30:00',3 ),
( 32732,12,'2021-06-02 10:45:00','2021-06-02 12:00:00','2021-06-02 16:00:00','2021-06-02 15:00:00',3 ),
( 32733,36,'2021-06-04 12:15:00','2021-06-04 12:20:00','2021-06-04 15:00:00',NULL,4 ),
( 32734,12,'2021-06-03 04:30:00','2021-06-03 06:00:00','2021-06-03 10:00:00','2021-06-03 09:30:00',3 ),
( 32735,12,'2021-06-04 01:20:00','2021-06-04 05:15:00','2021-06-04 15:00:00','2021-06-04 14:20:00',3 ),
( 32736,12,'2021-06-04 06:00:00','2021-06-04 07:30:00','2021-06-04 14:00:00','2021-06-04 12:30:00',3 ),
( 32737,12,'2021-06-02 11:20:00','2021-06-02 12:30:00','2021-06-02 16:00:00','2021-06-02 15:00:00',3 ),
( 32738,12,'2021-06-04 06:30:00','2021-06-04 07:20:00','2021-06-04 13:00:00','2021-06-04 12:00:00',3 ),
( 32739,87,'2021-06-03 10:30:00','2021-06-03 12:00:00','2021-06-03 15:30:00','2021-06-03 15:30:00',3 ),
( 32740,37,'2021-06-03 05:30:00','2021-06-03 09:00:00','2021-06-03 18:00:00','2021-06-03 14:30:00',3 ),
( 32741,79,'2021-06-03 06:00:00','2021-06-03 07:00:00','2021-06-03 18:00:00','2021-06-03 18:00:00',3 ),
( 32742,36,'2021-06-02 12:50:00','2021-06-02 12:55:00','2021-06-02 13:15:00','2021-06-02 13:50:00',3 ),
( 32743,12,'2021-06-03 10:00:00','2021-06-03 11:00:00','2021-06-03 13:00:00',NULL,4 ),
( 32744,112,'2021-06-03 10:00:00','2021-06-03 12:00:00','2021-06-03 17:00:00','2021-06-03 15:30:00',3 ),
( 32745,12,'2021-06-09 13:30:00','2021-06-09 15:00:00','2021-06-09 18:00:00','2021-06-09 18:00:00',3 ),
( 32746,37,'2021-06-06 18:00:00','2021-06-06 18:30:00','2021-06-06 20:00:00','2021-06-06 20:00:00',3 ),
( 32747,12,'2021-06-07 05:00:00','2021-06-07 06:30:00','2021-06-07 11:00:00',NULL,4 ),
( 32748,12,'2021-06-07 07:00:00','2021-06-07 08:30:00','2021-06-07 12:00:00','2021-06-07 12:00:00',3 ),
( 32749,79,'2021-06-04 11:00:00','2021-06-04 12:00:00','2021-06-04 18:00:00','2021-06-04 18:00:00',3 ),
( 32750,29,'2021-06-08 12:00:00','2021-06-08 13:30:00','2021-06-08 17:00:00','2021-06-08 15:30:00',3 ),
( 32751,12,'2021-06-07 04:30:00','2021-06-07 06:00:00','2021-06-07 10:00:00','2021-06-07 10:00:00',3 ),
( 32752,104,'2021-06-05 05:00:00','2021-06-05 05:10:00','2021-06-05 18:00:00','2021-06-05 18:00:00',3 ),
( 32753,104,'2021-06-07 12:30:00','2021-06-07 14:00:00','2021-06-07 20:00:00','2021-06-07 17:30:00',3 ),
( 32754,36,'2021-06-07 13:15:00','2021-06-07 13:20:00','2021-06-07 16:00:00',NULL,4 ),
( 32755,12,'2021-06-09 07:10:00','2021-06-09 08:40:00','2021-06-09 12:30:00','2021-06-09 13:00:00',3 ),
( 32756,12,'2021-06-10 07:00:00','2021-06-10 08:30:00','2021-06-10 12:30:00',NULL,4 ),
( 32757,12,'2021-06-10 09:15:00','2021-06-10 10:45:00','2021-06-10 14:30:00','2021-06-10 14:20:00',3 ),
( 32758,87,'2021-06-08 09:00:00','2021-06-08 12:00:00','2021-06-08 16:00:00','2021-06-08 18:15:00',3 ),
( 32759,12,'2021-06-05 10:00:00','2021-06-05 11:00:00','2021-06-05 12:00:00','2021-06-05 12:30:00',3 ),
( 32760,12,'2021-06-08 11:00:00','2021-06-08 12:00:00','2021-06-08 17:00:00','2021-06-08 17:30:00',3 ),
( 32761,37,'2021-06-05 06:00:00','2021-06-05 07:00:00','2021-06-05 13:00:00','2021-06-05 13:00:00',3 ),
( 32762,36,'2021-06-08 06:00:00','2021-06-08 07:00:00','2021-06-08 10:00:00','2021-06-08 10:00:00',3 ),
( 32763,68,'2021-06-09 04:30:00','2021-06-09 06:00:00','2021-06-09 12:30:00','2021-06-09 15:20:00',3 ),
( 32764,12,'2021-06-06 05:00:00','2021-06-06 05:00:00','2021-06-06 06:00:00','2021-06-06 06:00:00',3 ),
( 32765,79,'2021-06-07 03:30:00','2021-06-07 05:00:00','2021-06-07 20:30:00',NULL,4 ),
( 32766,12,'2021-06-08 09:40:00','2021-06-08 11:00:00','2021-06-08 13:30:00','2021-06-07 21:00:00',3 ),
( 32767,74,'2021-06-09 06:30:00','2021-06-09 07:30:00','2021-06-09 08:30:00','2021-06-09 09:00:00',3 ),
( 32768,12,'2021-06-09 06:30:00','2021-06-09 08:00:00','2021-06-09 11:00:00','2021-06-09 11:00:00',3 ),
( 32769,87,'2021-06-09 09:00:00','2021-06-09 10:30:00','2021-06-09 15:00:00','2021-06-09 14:30:00',3 ),
( 32770,36,'2021-06-08 13:15:00','2021-06-08 13:20:00','2021-06-08 16:00:00','2021-06-08 16:00:00',3 ),
( 32771,79,'2021-06-08 06:00:00','2021-06-08 08:00:00','2021-06-08 18:00:00','2021-06-08 18:00:00',3 ),
( 32772,12,'2021-06-08 05:30:00','2021-06-08 07:00:00','2021-06-08 12:00:00','2021-06-08 11:40:00',3 ),
( 32773,12,'2021-06-10 05:00:00','2021-06-10 07:00:00','2021-06-10 16:00:00','2021-06-10 16:30:00',3 ),
( 32774,79,'2021-06-07 09:40:00','2021-06-07 10:00:00','2021-06-07 13:00:00','2021-06-07 12:00:00',3 ),
( 32775,12,'2021-06-07 11:00:00','2021-06-07 11:15:00','2021-06-07 12:00:00','2021-06-07 12:00:00',3 ),
( 32776,12,'2021-06-12 07:30:00','2021-06-12 09:00:00','2021-06-12 14:00:00','2021-06-12 13:30:00',3 ),
( 32777,87,'2021-06-08 10:30:00','2021-06-08 12:00:00','2021-06-08 16:00:00','2021-06-08 13:30:00',3 ),
( 32778,12,'2021-06-09 07:00:00','2021-06-09 08:00:00','2021-06-09 12:00:00','2021-06-09 12:00:00',3 ),
( 32779,12,'2021-06-08 07:30:00','2021-06-08 08:30:00','2021-06-08 14:00:00','2021-06-08 12:40:00',3 ),
( 32780,12,'2021-06-08 07:30:00','2021-06-08 09:00:00','2021-06-08 13:00:00','2021-06-08 11:30:00',3 ),
( 32781,62,'2021-06-10 02:30:00','2021-06-10 03:00:00','2021-06-10 09:00:00','2021-06-10 08:10:00',3 ),
( 32782,112,'2021-06-08 13:00:00','2021-06-08 15:00:00','2021-06-08 19:00:00','2021-06-08 19:00:00',3 ),
( 32783,12,'2021-06-10 13:00:00','2021-06-10 14:00:00','2021-06-10 20:00:00','2021-06-10 20:10:00',3 ),
( 32784,29,'2021-06-13 05:45:00','2021-06-13 08:00:00','2021-06-13 14:00:00','2021-06-13 13:00:00',3 ),
( 32785,12,'2021-06-30 07:00:00','2021-06-30 14:00:00','2021-07-01 15:00:00',NULL,4 ),
( 32786,29,'2021-06-10 07:30:00','2021-06-10 09:00:00','2021-06-10 12:30:00','2021-06-10 12:40:00',3 ),
( 32787,36,'2021-06-08 12:00:00','2021-06-08 12:10:00','2021-06-08 13:00:00','2021-06-08 14:00:00',3 ),
( 32788,12,'2021-06-11 07:15:00','2021-06-11 08:45:00','2021-06-11 12:30:00','2021-06-11 11:10:00',3 ),
( 32789,53,'2021-06-15 05:00:00','2021-06-15 11:00:00','2021-06-15 20:55:00','2021-06-15 20:50:00',3 ),
( 32790,53,'2021-06-16 11:00:00','2021-06-16 12:00:00','2021-06-16 18:00:00',NULL,4 ),
( 32791,74,'2021-06-12 08:30:00','2021-06-12 10:00:00','2021-06-12 13:30:00','2021-06-12 11:30:00',3 ),
( 32792,12,'2021-06-11 08:30:00','2021-06-11 10:00:00','2021-06-11 15:00:00','2021-06-11 14:30:00',3 ),
( 32793,87,'2021-07-02 06:00:00','2021-07-02 07:30:00','2021-07-02 15:00:00',NULL,4 ),
( 32794,68,'2021-06-11 04:30:00','2021-06-11 06:00:00','2021-06-11 12:30:00','2021-06-11 10:20:00',3 ),
( 32795,12,'2021-06-11 08:50:00','2021-06-11 10:20:00','2021-06-11 16:00:00',NULL,4 ),
( 32796,79,'2021-06-09 13:45:00','2021-06-09 14:00:00','2021-06-09 16:00:00','2021-06-09 15:00:00',3 ),
( 32797,12,'2021-06-10 03:30:00','2021-06-10 04:30:00','2021-06-10 10:30:00','2021-06-10 10:40:00',3 ),
( 32798,87,'2021-06-10 09:30:00','2021-06-10 12:00:00','2021-06-10 17:00:00','2021-06-10 17:00:00',3 ),
( 32799,12,'2021-06-11 06:00:00','2021-06-11 07:00:00','2021-06-11 12:00:00','2021-06-11 11:30:00',3 ),
( 32800,36,'2021-06-10 13:15:00','2021-06-10 13:20:00','2021-06-10 16:00:00','2021-06-10 16:00:00',3 ),
( 32801,12,'2021-06-09 13:00:00','2021-06-09 13:10:00','2021-06-09 13:30:00','2021-06-09 14:00:00',3 ),
( 32802,62,'2021-06-24 02:30:00','2021-06-24 03:00:00','2021-06-24 09:00:00','2021-06-24 08:30:00',3 ),
( 32803,12,'2021-06-18 06:15:00','2021-06-18 07:15:00','2021-06-18 13:00:00','2021-06-18 12:00:00',3 ),
( 32804,12,'2021-06-10 10:15:00','2021-06-10 10:30:00','2021-06-10 11:30:00','2021-06-10 12:00:00',3 ),
( 32805,112,'2021-06-11 10:00:00','2021-06-11 11:00:00','2021-06-11 14:00:00','2021-06-11 13:30:00',3 ),
( 32806,81,'2021-06-11 07:10:00','2021-06-11 08:30:00','2021-06-11 13:00:00','2021-06-11 11:30:00',3 ),
( 32807,12,'2021-06-15 12:20:00','2021-06-15 13:00:00','2021-06-15 14:20:00',NULL,4 ),
( 32808,12,'2021-06-11 12:00:00','2021-06-11 13:00:00','2021-06-11 15:00:00','2021-06-11 17:00:00',3 ),
( 32809,12,'2021-06-17 07:00:00','2021-06-17 08:30:00','2021-06-17 11:00:00','2021-06-17 11:40:00',3 ),
( 32810,12,'2021-06-11 09:00:00','2021-06-11 10:00:00','2021-06-11 17:00:00','2021-06-11 17:00:00',3 ),
( 32811,79,'2021-06-13 03:00:00','2021-06-13 04:00:00','2021-06-13 20:30:00','2021-06-13 20:30:00',3 ),
( 32812,12,'2021-06-13 08:45:00','2021-06-13 10:00:00','2021-06-13 16:00:00','2021-06-13 12:00:00',3 ),
( 32813,12,'2021-06-12 04:40:00','2021-06-12 06:00:00','2021-06-12 12:00:00','2021-06-12 10:00:00',3 ),
( 32814,12,'2021-06-19 22:00:00','2021-06-19 23:00:00','2021-06-20 00:00:00',NULL,4 ),
( 32815,36,'2021-06-14 08:00:00','2021-06-14 09:00:00','2021-06-14 15:00:00','2021-06-14 14:00:00',3 ),
( 32816,12,'2021-06-16 04:00:00','2021-06-16 06:00:00','2021-06-16 14:00:00','2021-06-16 13:00:00',3 ),
( 32817,12,'2021-06-20 13:30:00','2021-06-20 15:00:00','2021-06-20 20:00:00','2021-06-20 20:50:00',3 ),
( 32818,37,'2021-06-12 10:55:00','2021-06-12 11:00:00','2021-06-12 12:00:00','2021-06-12 12:00:00',3 ),
( 32819,12,'2021-06-14 03:45:00','2021-06-14 05:50:00','2021-06-14 09:00:00','2021-06-14 09:00:00',3 ),
( 32820,87,'2021-06-14 07:30:00','2021-06-14 09:00:00','2021-06-14 13:00:00','2021-06-14 11:30:00',3 ),
( 32821,37,'2021-06-13 13:00:00','2021-06-13 13:15:00','2021-06-13 15:00:00','2021-06-13 15:00:00',3 ),
( 32822,87,'2021-06-15 09:45:00','2021-06-15 11:00:00','2021-06-15 14:00:00','2021-06-15 13:30:00',3 ),
( 32823,12,'2021-06-15 08:00:00','2021-06-15 09:30:00','2021-06-15 14:30:00','2021-06-15 14:30:00',3 ),
( 32824,87,'2021-06-15 13:30:00','2021-06-15 15:00:00','2021-06-15 18:00:00','2021-06-15 18:00:00',3 ),
( 32825,12,'2021-06-15 09:00:00','2021-06-15 10:30:00','2021-06-30 14:00:00','2021-06-30 14:00:00',3 ),
( 32826,12,'2021-06-18 05:00:00','2021-06-18 06:00:00','2021-06-18 12:00:00','2021-06-18 10:00:00',3 ),
( 32827,74,'2021-06-18 09:00:00','2021-06-18 10:30:00','2021-06-18 16:30:00','2021-06-18 16:00:00',3 ),
( 32828,74,'2021-06-21 12:30:00','2021-06-21 14:00:00','2021-06-21 17:30:00','2021-06-21 17:00:00',3 ),
( 32829,12,'2021-06-16 03:45:00','2021-06-16 04:45:00','2021-06-16 11:00:00','2021-06-16 09:30:00',3 ),
( 32830,12,'2021-06-18 04:30:00','2021-06-18 06:00:00','2021-06-18 11:00:00','2021-06-18 11:00:00',3 ),
( 32831,12,'2021-06-17 06:15:00','2021-06-17 07:45:00','2021-06-17 13:00:00','2021-06-17 13:30:00',3 ),
( 32832,12,'2021-06-22 05:00:00','2021-06-22 06:20:00','2021-06-22 13:00:00','2021-06-22 13:00:00',3 ),
( 32833,12,'2021-06-18 07:30:00','2021-06-18 09:00:00','2021-06-18 13:00:00',NULL,4 ),
( 32834,36,'2021-06-18 13:00:00','2021-06-18 14:00:00','2021-06-18 16:00:00','2021-06-18 15:30:00',3 ),
( 32835,110,'2021-06-21 08:00:00','2021-06-21 10:30:00','2021-06-21 12:30:00',NULL,4 ),
( 32836,37,'2021-06-18 08:30:00','2021-06-18 10:00:00','2021-06-18 13:00:00','2021-06-18 13:00:00',3 ),
( 32837,87,'2021-06-18 07:00:00','2021-06-18 08:45:00','2021-06-18 14:00:00','2021-06-18 12:00:00',3 ),
( 32838,12,'2021-06-21 08:30:00','2021-06-21 10:00:00','2021-06-21 13:00:00','2021-06-21 13:00:00',3 ),
( 32839,37,'2021-06-18 06:30:00','2021-06-18 08:00:00','2021-06-18 12:00:00','2021-06-18 11:30:00',3 ),
( 32840,12,'2021-06-17 18:30:00','2021-06-17 19:50:00','2021-06-17 23:00:00','2021-06-17 23:00:00',3 ),
( 32841,29,'2021-06-20 09:00:00','2021-06-20 10:30:00','2021-06-20 14:00:00','2021-06-20 14:00:00',3 ),
( 32842,29,'2021-06-22 06:30:00','2021-06-22 08:00:00','2021-06-22 12:30:00','2021-06-22 13:00:00',3 ),
( 32843,12,'2021-06-18 14:45:00','2021-06-18 16:00:00','2021-06-18 18:15:00',NULL,4 ),
( 32844,12,'2021-06-18 10:00:00','2021-06-18 10:15:00','2021-06-18 11:00:00','2021-06-18 11:00:00',3 ),
( 32845,12,'2021-06-18 12:30:00','2021-06-18 13:00:00','2021-06-18 13:40:00','2021-06-18 14:00:00',3 ),
( 32846,12,'2021-06-24 06:20:00','2021-06-24 07:50:00','2021-06-24 13:00:00','2021-06-24 12:30:00',3 ),
( 32847,60,'2021-06-19 10:00:00','2021-06-19 12:00:00','2021-06-19 15:00:00','2021-06-19 14:00:00',3 ),
( 32848,60,'2021-06-20 11:30:00','2021-06-20 12:30:00','2021-06-20 15:30:00','2021-06-20 15:30:00',3 ),
( 32849,79,'2021-06-19 07:00:00','2021-06-19 08:00:00','2021-06-19 15:00:00','2021-06-19 15:00:00',3 ),
( 32850,12,'2021-06-23 09:15:00','2021-06-23 10:30:00','2021-06-23 14:00:00','2021-06-23 13:10:00',3 ),
( 32851,74,'2021-06-20 12:30:00','2021-06-20 14:00:00','2021-06-20 17:30:00','2021-06-20 15:30:00',3 ),
( 32852,12,'2021-06-21 08:30:00','2021-06-21 09:30:00','2021-06-21 11:00:00','2021-06-21 12:00:00',3 ),
( 32853,87,'2021-06-21 13:30:00','2021-06-21 15:00:00','2021-06-21 18:00:00','2021-06-21 18:00:00',3 ),
( 32854,12,'2021-06-21 07:40:00','2021-06-21 09:00:00','2021-06-21 11:00:00','2021-06-21 11:00:00',3 ),
( 32855,12,'2021-06-30 04:00:00','2021-06-30 05:00:00','2021-06-30 14:00:00','2021-06-30 15:22:00',3 ),
( 32856,12,'2021-06-23 08:15:00','2021-06-23 09:30:00','2021-06-23 12:45:00','2021-06-23 12:00:00',3 ),
( 32857,12,'2021-06-25 08:15:00','2021-06-25 09:30:00','2021-06-25 12:45:00','2021-06-25 11:30:00',3 ),
( 32858,12,'2021-06-21 10:20:00','2021-06-21 11:30:00','2021-06-21 15:00:00','2021-06-21 15:00:00',3 ),
( 32859,29,'2021-06-26 05:00:00','2021-06-26 06:30:00','2021-06-26 13:30:00','2021-06-26 11:00:00',3 ),
( 32860,81,'2021-06-24 06:40:00','2021-06-24 07:15:00','2021-06-24 17:00:00','2021-06-24 15:00:00',3 ),
( 32861,81,'2021-06-22 07:00:00','2021-06-22 08:30:00','2021-06-22 15:00:00',NULL,4 ),
( 32862,12,'2021-06-21 13:30:00','2021-06-21 14:00:00','2021-06-21 16:00:00','2021-06-21 17:00:00',3 ),
( 32863,12,'2021-06-27 09:40:00','2021-06-27 11:00:00','2021-06-27 14:00:00','2021-06-27 14:30:00',3 ),
( 32864,12,'2021-06-28 10:00:00','2021-06-28 11:30:00','2021-06-28 15:00:00','2021-06-28 15:00:00',3 ),
( 32865,81,'2021-06-25 07:20:00','2021-06-25 08:45:00','2021-06-25 15:00:00',NULL,4 ),
( 32866,12,'2021-06-23 06:30:00','2021-06-23 07:30:00','2021-06-23 12:00:00','2021-06-23 12:00:00',3 ),
( 32867,29,'2021-06-23 07:30:00','2021-06-23 09:00:00','2021-06-23 11:00:00','2021-06-23 10:50:00',3 ),
( 32868,12,'2021-06-23 05:30:00','2021-06-23 06:45:00','2021-06-23 11:45:00','2021-06-23 09:00:00',3 ),
( 32869,12,'2021-06-22 11:30:00','2021-06-22 11:45:00','2021-06-22 12:45:00','2021-06-22 14:00:00',3 ),
( 32870,29,'2021-06-24 14:00:00','2021-06-24 15:30:00','2021-06-24 19:00:00','2021-06-24 20:00:00',3 ),
( 32871,60,'2021-06-23 09:00:00','2021-06-23 10:30:00','2021-06-23 12:30:00','2021-06-23 12:00:00',3 ),
( 32872,87,'2021-06-24 07:00:00','2021-06-24 09:00:00','2021-06-24 12:00:00','2021-06-24 11:00:00',3 ),
( 32873,12,'2021-06-22 13:40:00','2021-06-22 15:15:00','2021-06-22 16:45:00','2021-06-22 17:00:00',3 ),
( 32874,12,'2021-06-23 12:00:00','2021-06-23 13:30:00','2021-06-23 17:00:00','2021-06-23 17:00:00',3 ),
( 32875,12,'2021-06-23 04:00:00','2021-06-23 06:00:00','2021-06-23 09:00:00','2021-06-23 09:00:00',3 ),
( 32876,12,'2021-06-24 07:30:00','2021-06-24 09:00:00','2021-06-24 13:00:00','2021-06-24 12:40:00',3 ),
( 32877,104,'2021-06-25 10:30:00','2021-06-25 12:00:00','2021-06-25 18:00:00','2021-06-25 18:00:00',3 ),
( 32878,12,'2021-06-23 13:15:00','2021-06-23 14:45:00','2021-06-23 19:00:00','2021-06-23 18:00:00',3 ),
( 32879,12,'2021-06-23 13:00:00','2021-06-23 15:00:00','2021-06-23 17:00:00',NULL,4 ),
( 32880,12,'2021-06-24 05:30:00','2021-06-24 07:00:00','2021-06-24 09:30:00','2021-06-24 10:20:00',3 ),
( 32881,12,'2021-06-23 10:45:00','2021-06-23 12:00:00','2021-06-23 16:00:00','2021-06-23 16:00:00',3 ),
( 32882,12,'2021-06-25 06:30:00','2021-06-25 07:00:00','2021-06-25 09:00:00','2021-06-25 09:00:00',3 ),
( 32883,12,'2021-06-24 09:00:00','2021-06-24 10:00:00','2021-06-24 12:00:00',NULL,4 ),
( 32884,12,'2021-06-25 10:30:00','2021-06-25 11:30:00','2021-06-25 18:00:00','2021-06-25 16:00:00',3 ),
( 32885,36,'2021-06-24 12:25:00','2021-06-24 12:30:00','2021-06-24 13:00:00',NULL,4 ),
( 32886,12,'2021-06-24 14:00:00','2021-06-24 15:30:00','2021-06-24 19:00:00',NULL,4 ),
( 32887,37,'2021-06-24 09:00:00','2021-06-24 10:00:00','2021-06-24 14:00:00','2021-06-24 14:00:00',3 ),
( 32888,12,'2021-06-26 05:30:00','2021-06-26 06:30:00','2021-06-26 11:00:00','2021-06-26 10:00:00',3 ),
( 32889,87,'2021-06-25 09:30:00','2021-06-25 12:00:00','2021-06-25 17:00:00','2021-06-25 14:15:00',3 ),
( 32890,68,'2021-06-25 12:00:00','2021-06-25 13:30:00','2021-06-25 17:00:00','2021-06-25 17:00:00',3 ),
( 32891,68,'2021-06-27 06:00:00','2021-06-27 07:00:00','2021-06-27 17:00:00','2021-06-27 14:40:00',3 ),
( 32892,36,'2021-06-28 13:00:00','2021-06-28 14:00:00','2021-06-28 16:00:00','2021-06-28 14:00:00',3 ),
( 32893,12,'2021-06-28 06:00:00','2021-06-28 09:00:00','2021-06-28 14:00:00','2021-06-28 14:00:00',3 ),
( 32894,12,'2021-06-28 05:00:00','2021-06-28 06:00:00','2021-06-28 16:00:00','2021-07-28 16:00:00',3 ),
( 32895,12,'2021-06-24 12:20:00','2021-06-24 12:40:00','2021-06-24 13:30:00','2021-06-24 15:00:00',3 ),
( 32896,29,'2021-08-18 21:00:00','2021-08-18 21:00:00','2021-08-18 21:00:00',NULL,1 ),
( 32897,12,'2021-06-28 06:30:00','2021-06-28 08:00:00','2021-06-28 17:30:00','2021-06-28 17:00:00',3 ),
( 32898,12,'2021-06-28 08:30:00','2021-06-28 11:00:00','2021-06-28 14:30:00','2021-06-28 14:30:00',3 ),
( 32899,37,'2021-06-25 11:30:00','2021-06-25 13:00:00','2021-06-25 16:00:00','2021-06-25 16:00:00',3 ),
( 32900,12,'2021-06-26 05:30:00','2021-06-26 07:00:00','2021-06-26 14:30:00','2021-06-26 13:16:00',3 ),
( 32901,37,'2021-06-25 13:30:00','2021-06-25 14:00:00','2021-06-25 16:00:00','2021-06-25 15:00:00',3 ),
( 32902,12,'2021-06-25 10:50:00','2021-06-25 11:00:00','2021-06-25 11:30:00','2021-06-25 11:30:00',3 ),
( 32903,81,'2021-06-28 07:00:00','2021-06-28 08:00:00','2021-06-28 13:00:00','2021-06-28 13:00:00',3 ),
( 32904,79,'2021-06-25 13:00:00','2021-06-25 13:10:00','2021-06-25 17:00:00','2021-06-25 17:00:00',3 ),
( 32905,87,'2021-06-26 10:30:00','2021-06-26 12:00:00','2021-06-26 16:00:00','2021-06-26 17:00:00',3 ),
( 32906,12,'2021-06-26 08:40:00','2021-06-26 09:30:00','2021-06-26 11:30:00','2021-06-26 10:21:00',3 ),
( 32907,12,'2021-06-26 10:30:00','2021-06-26 11:30:00','2021-06-26 13:30:00','2021-06-26 13:15:00',3 ),
( 32908,37,'2021-06-26 11:55:00','2021-06-26 12:00:00','2021-06-26 12:35:00','2021-06-26 12:30:00',3 ),
( 32909,12,'2021-06-26 12:30:00','2021-06-26 12:45:00','2021-06-26 13:30:00','2021-06-26 13:41:00',3 ),
( 32910,12,'2021-06-26 13:40:00','2021-06-26 13:45:00','2021-06-26 14:15:00','2021-06-26 14:45:00',3 ),
( 32911,12,'2021-06-27 06:45:00','2021-06-27 07:00:00','2021-06-27 07:30:00','2021-06-27 08:10:00',3 ),
( 32912,79,'2021-06-27 12:30:00','2021-06-27 13:00:00','2021-06-27 15:00:00','2021-06-27 14:30:00',3 ),
( 32913,37,'2021-06-27 14:55:00','2021-06-27 15:00:00','2021-06-27 16:00:00','2021-06-27 16:00:00',3 ),
( 32914,12,'2021-06-29 06:00:00','2021-06-29 08:00:00','2021-06-29 12:00:00','2021-06-29 11:50:00',3 ),
( 32915,12,'2021-07-01 06:45:00','2021-07-01 08:15:00','2021-07-01 12:30:00','2021-07-01 12:00:00',3 ),
( 32916,81,'2021-07-07 06:45:00','2021-07-07 07:30:00','2021-07-07 16:00:00',NULL,1 ),
( 32917,112,'2021-06-29 04:30:00','2021-06-29 06:00:00','2021-06-29 12:00:00','2021-06-29 12:50:00',3 ),
( 32918,12,'2021-06-28 10:00:00','2021-06-28 11:00:00','2021-06-28 15:00:00',NULL,4 ),
( 32919,12,'2021-06-30 09:30:00','2021-06-30 11:00:00','2021-06-30 17:00:00','2021-06-30 17:00:00',3 ),
( 32920,12,'2021-06-30 07:00:00','2021-06-30 09:00:00','2021-06-30 11:30:00','2021-06-30 12:07:00',3 ),
( 32921,12,'2021-06-29 06:00:00','2021-06-29 06:30:00','2021-06-29 07:30:00','2021-06-29 07:30:00',3 ),
( 32922,12,'2021-06-30 07:00:00','2021-06-30 08:00:00','2021-06-30 13:00:00','2021-06-29 13:04:00',3 ),
( 32923,12,'2021-07-01 03:30:00','2021-07-01 06:00:00','2021-07-01 15:00:00','2021-07-01 13:30:00',3 ),
( 32924,12,'2021-06-30 07:20:00','2021-06-30 09:00:00','2021-06-30 11:00:00','2021-06-30 11:00:00',3 ),
( 32925,109,'2021-07-02 10:30:00','2021-07-02 12:00:00','2021-07-02 16:00:00','2021-07-02 15:00:00',3 ),
( 32926,87,'2021-06-30 11:00:00','2021-06-30 12:30:00','2021-06-30 16:00:00','2021-06-30 16:00:00',3 ),
( 32927,74,'2021-07-02 13:30:00','2021-07-02 14:00:00','2021-07-02 14:40:00','2021-07-02 14:30:00',3 ),
( 32928,81,'2021-06-30 09:00:00','2021-06-30 11:00:00','2021-06-30 16:00:00',NULL,4 ),
( 32929,74,'2021-07-16 09:30:00','2021-07-16 11:00:00','2021-07-16 14:30:00',NULL,1 ),
( 32930,12,'2021-07-07 22:00:00','2021-07-07 23:00:00','2021-07-08 00:00:00',NULL,1 ),
( 32931,112,'2021-06-30 04:30:00','2021-06-30 06:00:00','2021-06-30 15:00:00','2021-06-30 15:00:00',3 ),
( 32932,12,'2021-06-29 14:00:00','2021-06-29 14:40:00','2021-06-29 16:00:00','2021-06-29 16:30:00',3 ),
( 32933,81,'2021-07-01 05:00:00','2021-07-01 07:30:00','2021-07-01 16:00:00','2021-07-01 12:51:00',3 ),
( 32934,36,'2021-06-30 12:00:00','2021-06-30 14:00:00','2021-06-30 17:00:00','2021-06-30 17:00:00',3 ),
( 32935,12,'2021-07-05 08:20:00','2021-07-05 09:00:00','2021-07-05 12:00:00',NULL,1 ),
( 32936,87,'2021-07-01 06:30:00','2021-07-01 08:00:00','2021-07-01 12:30:00','2021-07-01 12:30:00',3 ),
( 32937,87,'2021-07-01 08:00:00','2021-07-01 09:30:00','2021-07-01 14:00:00','2021-07-01 14:00:00',3 ),
( 32938,12,'2021-07-01 05:30:00','2021-07-01 07:00:00','2021-07-01 10:00:00','2021-07-01 10:00:00',3 ),
( 32939,12,'2021-07-01 08:00:00','2021-07-01 10:00:00','2021-07-01 15:00:00','2021-07-01 15:00:00',3 ),
( 32940,36,'2021-07-01 13:00:00','2021-07-01 14:00:00','2021-07-01 16:00:00','2021-07-01 16:00:00',3 ),
( 32941,107,'2021-07-05 05:00:00','2021-07-05 07:00:00','2021-07-05 16:00:00',NULL,1 ),
( 32942,37,'2021-07-01 12:00:00','2021-07-01 14:00:00','2021-07-01 18:00:00','2021-07-01 18:00:00',3 ),
( 32943,87,'2021-07-03 12:30:00','2021-07-03 13:45:00','2021-07-03 16:00:00',NULL,1 ),
( 32944,37,'2021-07-02 07:15:00','2021-07-02 08:15:00','2021-07-02 11:00:00','2021-07-02 11:00:00',3 ),
( 32945,12,'2021-07-02 07:15:00','2021-07-02 08:30:00','2021-07-02 12:00:00','2021-07-02 12:00:00',3 ),
( 32946,112,'2021-07-02 09:15:00','2021-07-02 10:30:00','2021-07-02 14:00:00','2021-07-02 13:00:00',3 ),
( 32947,12,'2021-07-10 22:00:00','2021-07-10 23:00:00','2021-07-11 00:00:00',NULL,1 ),
( 32948,104,'2021-07-05 13:00:00','2021-07-05 15:00:00','2021-07-05 20:00:00',NULL,1 ),
( 32949,12,'2021-07-03 10:20:00','2021-07-03 11:45:00','2021-07-03 16:00:00',NULL,1 ),
( 32950,36,'2021-07-05 13:00:00','2021-07-05 14:00:00','2021-07-05 16:00:00',NULL,1 ),
( 32951,36,'2021-07-06 07:50:00','2021-07-06 08:00:00','2021-07-06 09:00:00',NULL,1 ),
( 32952,12,'2021-07-05 07:00:00','2021-07-05 08:30:00','2021-07-05 13:30:00',NULL,1 ),
( 32953,12,'2021-07-06 04:30:00','2021-07-06 06:00:00','2021-07-06 11:00:00',NULL,1 ),
( 32955,37,'2021-07-04 11:45:00','2021-07-04 12:00:00','2021-07-04 14:00:00',NULL,1 ),
( 32956,12,'2021-07-05 12:30:00','2021-07-05 14:00:00','2021-07-05 18:00:00',NULL,1 );



INSERT INTO `programs`(`id`,`program`,`desc`,`color`,`news_program`,`order`,`studio_program`) VALUES
( '12', 'Информационная служба', NULL, '0073ea', 'true', '1', '0' ),
( '28', 'Доброе утро, мир!', NULL, '0070c0', 'true', '10', '0' ),
( '29', 'Спорт', NULL, '0073ea', 'true', '4', '0' ),
( '31', 'Главная тема', NULL, '0073ea', 'true', '9', '0' ),
( '32', 'Старт UP', NULL, '0073ea', 'true', '14', '0' ),
( '33', 'Стильный мир', NULL, '0073ea', 'true', '16', '0' ),
( '35', 'Культтуризм', NULL, '0073ea', 'true', '6', '0' ),
( '36', 'Вместе выгодно', NULL, '0073ea', 'true', '3', '0' ),
( '37', 'Вместе', NULL, '0073ea', 'true', '5', '0' ),
( '39', 'Ой, мамочки', NULL, '00b050', 'false', '19', '0' ),
( '40', 'Слово за слово', NULL, '00b050', 'false', '18', '0' ),
( '41', 'Треш-тест', NULL, '00b050', 'false', '20', '0' ),
( '44', 'Союзники', NULL, '00b050', 'false', '21', '0' ),
( '45', 'Экспериментаторы', NULL, '00b050', 'false', '22', '0' ),
( '46', 'Сделано в СССР', NULL, '00b050', 'false', '23', '0' ),
( '47', 'Путеводитель', NULL, '00b050', 'false', '24', '0' ),
( '48', 'Наша Марка', NULL, '00b050', 'false', '25', '0' ),
( '49', 'Высокие отношения', NULL, '00b050', 'false', '26', '0' ),
( '50', 'Добро пожаловать', NULL, '00b050', 'false', '27', '0' ),
( '51', 'Почему Я', NULL, '00b050', 'false', '28', '0' ),
( '53', 'Проморолики', NULL, '00b050', 'true', '13', '0' ),
( '54', 'Акценты', NULL, '0070c0', 'true', '30', '0' ),
( '56', 'Диаспоры', NULL, '00b050', 'false', '31', '0' ),
( '57', 'Семейные битвы', NULL, '00b050', 'false', '32', '0' ),
( '58', 'Нет проблем', NULL, '00b050', 'false', '33', '0' ),
( '59', 'В Фокусе', NULL, '0073ea', 'true', '11', '0' ),
( '60', 'Специальный репортаж', NULL, '0073ea', 'true', '12', '0' ),
( '62', 'Кулинарное шоу', NULL, '00b050', 'false', '34', '0' ),
( '63', 'Детский мир', NULL, '00b050', 'false', '35', '0' ),
( '65', 'По поводу', NULL, '00b050', 'false', '36', '0' ),
( '66', 'Иные', NULL, '00b050', 'false', '37', '0' ),
( '67', 'Новости содружества', NULL, '0073ea', 'true', '38', '0' ),
( '68', 'Спецвыпуск', NULL, '0073ea', 'true', '2', '0' ),
( '71', 'Держись, Шоу-биз', NULL, '00b050', 'false', '17', '0' ),
( '72', 'С миру по нитке', NULL, '00b050', 'false', '39', '0' ),
( '73', 'Бремя обеда', NULL, '00b050', 'false', '40', '0' ),
( '74', 'Культличности', NULL, '0073ea', 'true', '7', '0' ),
( '75', 'Завтрак со звездой', NULL, '0073ea', 'true', '9', '0' ),
( '76', 'Тайны времени', NULL, '00b050', 'false', '99', '0' ),
( '77', 'Интернет-вещание', NULL, '974806', 'false', '99', '0' ),
( '78', 'Служба продвижения', NULL, '974806', 'false', '99', '0' ),
( '79', 'Отдел операторов', NULL, '7f7f7f', 'false', '99', '0' ),
( '80', 'Посторонним вход разрешен', NULL, '00b050', 'false', '99', '0' ),
( '81', 'Пилот новой программы', NULL, '0073ea', 'false', '99', '0' ),
( '82', 'Знаем Русский', NULL, '00b050', 'false', '99', '0' ),
( '83', 'Любимые актёры', NULL, '00b050', 'false', '99', '0' ),
( '84', 'ТЕСТ', NULL, '7f7f7f', 'false', '99', '0' ),
( '85', 'Такие странные', NULL, '00b050', 'false', '99', '0' ),
( '86', 'Союзинформ', NULL, '0073ea', 'false', '99', '0' ),
( '87', 'Наше кино', NULL, '00b050', 'false', '99', '0' ),
( '88', 'Кино эпохи', NULL, '00b050', 'false', '99', '0' ),
( '89', 'Авангард революции', NULL, '00b050', 'false', '99', '0' ),
( '90', 'Любовь без границ', NULL, '00b050', 'false', '99', '0' ),
( '91', 'Погода', NULL, '00b050', 'false', '99', '1' ),
( '92', 'Рубрики', NULL, '00b050', 'false', '99', '1' ),
( '93', 'В фокусе', NULL, '00b050', 'false', '99', '1' ),
( '94', 'Новости «Мир 24»', NULL, '00b050', 'false', '99', '1' ),
( '95', 'Спорт дайджест', NULL, '00b050', 'false', '99', '1' ),
( '96', 'ТРО «Союз»', NULL, '00b050', 'false', '99', '1' ),
( '97', 'Тракт ТРО «Союз»', NULL, '00b050', 'false', '99', '1' ),
( '98', 'Тракт ведущего', NULL, '00b050', 'false', '99', '1' ),
( '99', 'Рубрика «Модно»', NULL, '00b050', 'false', '99', '1' ),
( '102', 'Мир мнения', NULL, '0073ea', 'false', '99', '1' ),
( '103', 'Байопик', NULL, '0073ea', 'true', '99', '0' ),
( '104', 'Культурно', NULL, '0073ea', 'true', '99', '0' ),
( '107', 'В гостях у цифры', NULL, '00b050', 'false', '99', '0' ),
( '108', 'Герои Евразии', NULL, '00b050', 'false', '99', '0' ),
( '109', 'Евразия. История Успеха', NULL, '0073ea', 'true', '99', '0' ),
( '110', 'Евразия. Дословно', NULL, '0073ea', 'false', '99', '0' ),
( '111', 'Евразия. Регионы', NULL, '0073ea', 'false', '99', '0' ),
( '112', 'Документальный фильм', NULL, '00b050', 'true', '99', '0' ),
( '114', 'Радио', NULL, '8064a2', 'true', '99', '0' ),
( '115', 'Наши иностранцы', NULL, '00b050', 'false', '99', '0' ),
( '116', 'Пять причин', NULL, '00b050', 'false', '99', '0' );

INSERT INTO `assembly`(`id`,`name`) VALUES
( '1', '708-03' ),
( '2', '708-04' ),
( '3', '708-05' ),
( '4', '708-06' ),
( '6', '708-08' ),
( '7', '708-09' ),
( '8', '709-01' ),
( '9', '709-02' ),
( '10', '709-03' ),
( '11', '712-01' ),
( '12', '712-02' ),
( '13', '712-03' ),
( '14', '712-04' ),
( '15', '712-05' ),
( '16', '718-00' ),
( '17', '718-01' ),
( '18', '718-02' ),
( '19', '718-03' ),
( '20', '718-04' ),
( '21', '718-05' ),
( '22', '718-06' ),
( '23', '718-07' ),
( '24', '718-08' ),
( '25', '718-09' ),
( '26', '718-10' ),
( '27', '718-11' ),
( '28', '718-11Д' ),
( '29', '718-12' ),
( '30', '718-13' ),
( '31', '718-14' ),
( '32', '718-15' ),
( '33', '718-16' ),
( '34', '718-17' ),
( '35', '739-1' ),
( '36', '739-2' ),
( '37', '739-3' ),
( '38', '739-4' );

INSERT INTO `shooting_peoples`(`shooting_id`,`people_id`,`on_place`) VALUES
( '32730', '593', '0' ),
( '32730', '657', '0' ),
( '32730', '159', '0' ),
( '32730', '795', '0' ),
( '32731', '88', '0' ),
( '32731', '404', '0' ),
( '32731', '37', '0' ),
( '32738', '84', '1' ),
( '32738', '121', '0' ),
( '32738', '662', '0' ),
( '32738', '622', '0' ),
( '32736', '403', '0' ),
( '32736', '119', '0' ),
( '32736', '886', '0' ),
( '32736', '31', '0' ),
( '32650', '92', '0' ),
( '32650', '126', '0' ),
( '32650', '887', '0' ),
( '32650', '761', '0' ),
( '32744', '404', '0' ),
( '32744', '550', '0' ),
( '32744', '834', '0' ),
( '32741', '177', '0' ),
( '32741', '890', '0' ),
( '32741', '413', '0' ),
( '32741', '426', '0' ),
( '32739', '377', '0' ),
( '32739', '119', '0' ),
( '32739', '58', '0' ),
( '32733', '702', '0' ),
( '32733', '225', '0' ),
( '32749', '404', '0' ),
( '32749', '791', '0' ),
( '32735', '597', '0' ),
( '32735', '143', '0' ),
( '32735', '594', '0' ),
( '32735', '252', '0' ),
( '32747', '822', '0' ),
( '32747', '119', '0' ),
( '32747', '550', '0' ),
( '32752', '695', '0' ),
( '32752', '123', '0' ),
( '32752', '887', '0' ),
( '32752', '35', '0' ),
( '32761', '711', '0' ),
( '32761', '843', '0' ),
( '32761', '886', '0' ),
( '32761', '66', '0' ),
( '32759', '883', '0' ),
( '32759', '131', '0' ),
( '32759', '594', '0' ),
( '32759', '215', '0' ),
( '32746', '442', '0' ),
( '32746', '99', '0' ),
( '32746', '125', '0' ),
( '32746', '887', '0' ),
( '32764', '16', '0' ),
( '32764', '135', '0' ),
( '32765', '177', '0' ),
( '32765', '404', '0' ),
( '32765', '662', '0' ),
( '32748', '597', '0' ),
( '32748', '136', '0' ),
( '32748', '580', '0' ),
( '32748', '795', '0' ),
( '32753', '695', '1' ),
( '32753', '136', '0' ),
( '32753', '580', '0' ),
( '32753', '795', '0' ),
( '32751', '16', '0' ),
( '32751', '126', '0' ),
( '32751', '888', '0' ),
( '32751', '834', '0' ),
( '32754', '702', '0' ),
( '32754', '225', '0' ),
( '32754', '550', '0' ),
( '32774', '177', '0' ),
( '32774', '404', '0' ),
( '32756', '597', '0' ),
( '32756', '119', '0' ),
( '32756', '121', '0' ),
( '32756', '126', '0' ),
( '32756', '550', '0' ),
( '32756', '580', '0' ),
( '32775', '92', '0' ),
( '32775', '135', '0' ),
( '32727', '713', '0' ),
( '32727', '657', '0' ),
( '32727', '594', '0' ),
( '32727', '37', '0' ),
( '32772', '84', '1' ),
( '32772', '843', '0' ),
( '32772', '662', '0' ),
( '32772', '23', '0' ),
( '32771', '404', '0' ),
( '32771', '225', '0' ),
( '32771', '622', '0' ),
( '32750', '92', '0' ),
( '32750', '143', '0' ),
( '32750', '31', '0' ),
( '32780', '459', '0' ),
( '32780', '126', '0' ),
( '32780', '887', '0' ),
( '32780', '761', '0' ),
( '32779', '804', '1' ),
( '32779', '768', '0' ),
( '32779', '623', '0' ),
( '32779', '50', '0' ),
( '32760', '403', '1' ),
( '32760', '119', '0' ),
( '32760', '886', '0' ),
( '32760', '66', '0' ),
( '32762', '510', '1' ),
( '32762', '123', '0' ),
( '32762', '550', '0' ),
( '32762', '41', '0' ),
( '32777', '382', '0' ),
( '32777', '123', '0' ),
( '32777', '550', '0' ),
( '32777', '41', '0' ),
( '32758', '377', '0' ),
( '32758', '131', '0' ),
( '32758', '252', '0' ),
( '32770', '702', '0' ),
( '32770', '121', '0' ),
( '32770', '126', '0' ),
( '32787', '825', '0' ),
( '32787', '843', '0' ),
( '32787', '662', '0' ),
( '32766', '92', '0' ),
( '32766', '143', '0' ),
( '32766', '31', '0' ),
( '32782', '371', '0' ),
( '32782', '887', '0' ),
( '32782', '761', '0' ),
( '32755', '597', '1' ),
( '32755', '123', '0' ),
( '32755', '887', '0' ),
( '32755', '504', '0' ),
( '32745', '804', '0' ),
( '32745', '123', '0' ),
( '32745', '887', '0' ),
( '32745', '39', '0' ),
( '32768', '593', '0' ),
( '32768', '119', '0' ),
( '32768', '832', '0' ),
( '32767', '190', '0' ),
( '32767', '394', '0' ),
( '32767', '177', '0' ),
( '32767', '233', '0' ),
( '32769', '377', '0' ),
( '32769', '843', '0' ),
( '32769', '568', '0' ),
( '32778', '16', '1' ),
( '32778', '657', '0' ),
( '32778', '886', '0' ),
( '32778', '215', '0' ),
( '32763', '486', '1' ),
( '32763', '131', '0' ),
( '32763', '662', '0' ),
( '32763', '35', '0' ),
( '32773', '403', '0' ),
( '32773', '843', '0' ),
( '32773', '594', '0' ),
( '32773', '333', '0' ),
( '32796', '404', '0' ),
( '32801', '338', '0' ),
( '32801', '143', '0' ),
( '32781', '236', '1' ),
( '32781', '131', '0' ),
( '32781', '143', '0' ),
( '32781', '662', '0' ),
( '32781', '36', '0' ),
( '32781', '504', '0' ),
( '32797', '86', '0' ),
( '32797', '126', '0' ),
( '32797', '888', '0' ),
( '32797', '639', '0' ),
( '32786', '92', '0' ),
( '32786', '657', '0' ),
( '32786', '550', '0' ),
( '32786', '224', '0' ),
( '32798', '382', '0' ),
( '32798', '394', '0' ),
( '32798', '125', '0' ),
( '32798', '588', '0' ),
( '32757', '91', '1' ),
( '32757', '119', '0' ),
( '32757', '580', '0' ),
( '32757', '221', '0' ),
( '32800', '702', '0' ),
( '32800', '225', '0' ),
( '32800', '888', '0' ),
( '32783', '597', '1' ),
( '32783', '121', '0' ),
( '32783', '655', '0' ),
( '32783', '550', '0' ),
( '32783', '67', '0' ),
( '32804', '804', '0' ),
( '32804', '136', '0' ),
( '32804', '58', '0' ),
( '32794', '486', '0' ),
( '32794', '131', '0' ),
( '32794', '834', '0' ),
( '32788', '597', '0' ),
( '32788', '126', '0' ),
( '32788', '159', '0' ),
( '32788', '59', '0' ),
( '32806', '573', '0' ),
( '32806', '657', '0' ),
( '32806', '580', '0' ),
( '32806', '795', '0' ),
( '32799', '403', '0' ),
( '32799', '119', '0' ),
( '32799', '212', '0' ),
( '32805', '121', '0' ),
( '32805', '550', '0' ),
( '32805', '55', '0' ),
( '32810', '86', '0' ),
( '32810', '135', '0' ),
( '32810', '51', '0' ),
( '32792', '822', '1' ),
( '32792', '143', '0' ),
( '32792', '888', '0' ),
( '32792', '761', '0' ),
( '32776', '403', '0' ),
( '32776', '134', '0' ),
( '32776', '143', '0' ),
( '32776', '887', '0' ),
( '32776', '23', '0' ),
( '32791', '300', '1' ),
( '32791', '125', '0' ),
( '32791', '131', '0' ),
( '32791', '886', '0' ),
( '32791', '622', '0' ),
( '32813', '84', '1' ),
( '32813', '123', '0' ),
( '32813', '594', '0' ),
( '32813', '66', '0' ),
( '32814', '826', '0' ),
( '32814', '92', '0' ),
( '32814', '711', '0' ),
( '32808', '442', '0' ),
( '32808', '843', '0' ),
( '32808', '40', '0' ),
( '32818', '804', '0' ),
( '32818', '768', '0' ),
( '32784', '822', '0' ),
( '32784', '123', '0' ),
( '32784', '594', '0' );

INSERT INTO `shooting_peoples`(`shooting_id`,`people_id`,`on_place`) VALUES
( '32784', '39', '0' ),
( '32812', '84', '1' ),
( '32812', '143', '0' ),
( '32812', '215', '0' ),
( '32811', '177', '0' ),
( '32811', '662', '0' ),
( '32811', '568', '0' ),
( '32821', '713', '0' ),
( '32821', '768', '0' ),
( '32819', '822', '0' ),
( '32819', '136', '0' ),
( '32819', '580', '0' ),
( '32819', '333', '0' ),
( '32815', '825', '1' ),
( '32815', '143', '0' ),
( '32815', '550', '0' ),
( '32815', '639', '0' ),
( '32807', '597', '0' ),
( '32807', '136', '0' ),
( '32820', '382', '1' ),
( '32820', '135', '0' ),
( '32820', '71', '0' ),
( '32793', '377', '0' ),
( '32822', '377', '0' ),
( '32822', '843', '0' ),
( '32822', '580', '0' ),
( '32822', '212', '0' ),
( '32823', '597', '1' ),
( '32823', '136', '0' ),
( '32823', '888', '0' ),
( '32823', '46', '0' ),
( '32816', '403', '1' ),
( '32816', '123', '0' ),
( '32816', '594', '0' ),
( '32816', '795', '0' ),
( '32824', '843', '0' ),
( '32824', '580', '0' ),
( '32824', '212', '0' ),
( '32789', '394', '0' ),
( '32789', '696', '0' ),
( '32789', '550', '0' ),
( '32789', '785', '0' ),
( '32789', '51', '0' ),
( '32789', '55', '0' ),
( '32789', '834', '0' ),
( '32829', '892', '1' ),
( '32829', '131', '0' ),
( '32829', '887', '0' ),
( '32829', '31', '0' ),
( '32833', '403', '0' ),
( '32833', '843', '0' ),
( '32833', '125', '0' ),
( '32833', '131', '0' ),
( '32564', '597', '1' ),
( '32564', '121', '0' ),
( '32564', '655', '0' ),
( '32564', '887', '0' ),
( '32564', '47', '0' ),
( '32831', '804', '1' ),
( '32831', '843', '0' ),
( '32831', '886', '0' ),
( '32831', '61', '0' ),
( '32809', '84', '1' ),
( '32809', '131', '0' ),
( '32809', '662', '0' ),
( '32809', '215', '0' ),
( '32830', '597', '1' ),
( '32830', '119', '0' ),
( '32830', '888', '0' ),
( '32830', '224', '0' ),
( '32839', '711', '0' ),
( '32839', '843', '0' ),
( '32839', '58', '0' ),
( '32836', '88', '0' ),
( '32836', '125', '0' ),
( '32836', '71', '0' ),
( '32840', '883', '0' ),
( '32840', '123', '0' ),
( '32840', '39', '0' ),
( '32803', '84', '0' ),
( '32803', '121', '0' ),
( '32803', '655', '0' ),
( '32803', '885', '0' ),
( '32803', '639', '0' ),
( '32843', '403', '0' ),
( '32843', '135', '0' ),
( '32843', '885', '0' ),
( '32843', '221', '0' ),
( '32826', '826', '0' ),
( '32826', '131', '0' ),
( '32826', '580', '0' ),
( '32826', '36', '0' ),
( '32844', '403', '0' ),
( '32844', '135', '0' ),
( '32845', '135', '0' ),
( '32845', '888', '0' ),
( '32845', '221', '0' ),
( '32837', '136', '0' ),
( '32837', '588', '0' ),
( '32835', '190', '0' ),
( '32835', '119', '0' ),
( '32835', '123', '0' ),
( '32835', '887', '0' ),
( '32835', '886', '0' ),
( '32834', '702', '0' ),
( '32834', '125', '0' ),
( '32834', '580', '0' ),
( '32827', '300', '1' ),
( '32827', '500', '1' ),
( '32827', '804', '0' ),
( '32827', '138', '0' ),
( '32827', '139', '0' ),
( '32827', '550', '0' ),
( '32827', '785', '0' ),
( '32847', '206', '0' ),
( '32847', '820', '0' ),
( '32847', '131', '0' ),
( '32847', '550', '0' ),
( '32847', '55', '0' ),
( '32849', '462', '0' ),
( '32849', '125', '0' ),
( '32849', '580', '0' ),
( '32849', '27', '0' ),
( '32841', '395', '1' ),
( '32841', '768', '0' ),
( '32841', '888', '0' ),
( '32841', '761', '0' ),
( '32848', '206', '0' ),
( '32848', '820', '0' ),
( '32848', '122', '0' ),
( '32848', '662', '0' ),
( '32848', '31', '0' ),
( '32817', '92', '0' ),
( '32817', '121', '0' ),
( '32817', '594', '0' ),
( '32817', '35', '0' ),
( '32851', '190', '0' ),
( '32851', '500', '1' ),
( '32851', '123', '0' ),
( '32851', '371', '0' ),
( '32851', '655', '0' ),
( '32851', '885', '0' ),
( '32851', '622', '0' ),
( '32851', '237', '0' ),
( '32670', '597', '1' ),
( '32670', '123', '0' ),
( '32670', '655', '0' ),
( '32670', '885', '0' ),
( '32670', '622', '0' ),
( '32670', '237', '0' ),
( '32828', '190', '0' ),
( '32828', '500', '1' ),
( '32828', '119', '0' ),
( '32828', '123', '0' ),
( '32828', '886', '0' ),
( '32828', '23', '0' ),
( '32838', '84', '1' ),
( '32838', '843', '0' ),
( '32838', '594', '0' ),
( '32838', '252', '0' ),
( '32853', '377', '0' ),
( '32853', '843', '0' ),
( '32853', '594', '0' ),
( '32853', '252', '0' ),
( '32854', '597', '1' ),
( '32854', '123', '0' ),
( '32854', '886', '0' ),
( '32854', '832', '0' ),
( '32714', '459', '0' ),
( '32714', '88', '0' ),
( '32714', '86', '0' ),
( '32714', '121', '0' ),
( '32714', '126', '0' ),
( '32714', '177', '0' ),
( '32714', '404', '0' ),
( '32714', '134', '0' ),
( '32714', '136', '0' ),
( '32714', '143', '0' ),
( '32714', '768', '0' ),
( '32714', '885', '0' ),
( '32714', '887', '0' ),
( '32714', '580', '0' ),
( '32714', '333', '0' ),
( '32714', '252', '0' ),
( '32714', '785', '0' ),
( '32714', '47', '0' ),
( '32858', '892', '1' ),
( '32858', '893', '0' ),
( '32858', '887', '0' ),
( '32858', '43', '0' ),
( '32862', '893', '0' ),
( '32862', '887', '0' ),
( '32862', '43', '0' ),
( '32861', '573', '0' ),
( '32861', '131', '0' ),
( '32861', '888', '0' ),
( '32865', '573', '0' ),
( '32852', '804', '1' ),
( '32852', '768', '0' ),
( '32852', '39', '0' ),
( '32832', '403', '0' ),
( '32832', '843', '0' ),
( '32832', '550', '0' ),
( '32832', '588', '0' ),
( '32869', '892', '0' ),
( '32869', '131', '0' ),
( '32869', '888', '0' ),
( '32873', '135', '0' ),
( '32873', '888', '0' ),
( '32873', '224', '0' ),
( '32842', '822', '0' ),
( '32842', '123', '0' ),
( '32842', '580', '0' ),
( '32842', '788', '0' ),
( '32868', '826', '1' ),
( '32868', '123', '0' ),
( '32868', '574', '0' ),
( '32875', '558', '0' ),
( '32875', '131', '0' ),
( '32875', '580', '0' ),
( '32875', '51', '0' ),
( '32878', '804', '0' ),
( '32878', '135', '0' ),
( '32878', '550', '0' ),
( '32878', '27', '0' ),
( '32850', '84', '1' ),
( '32850', '121', '0' ),
( '32850', '580', '0' ),
( '32850', '51', '0' ),
( '32874', '88', '1' ),
( '32874', '119', '0' ),
( '32874', '885', '0' ),
( '32874', '46', '0' ),
( '32866', '91', '0' ),
( '32866', '843', '0' ),
( '32866', '888', '0' ),
( '32866', '761', '0' ),
( '32867', '395', '1' ),
( '32867', '371', '0' ),
( '32867', '885', '0' ),
( '32867', '59', '0' ),
( '32879', '892', '0' ),
( '32879', '121', '0' ),
( '32879', '580', '0' ),
( '32879', '51', '0' ),
( '32881', '711', '1' ),
( '32881', '843', '0' ),
( '32881', '888', '0' ),
( '32881', '761', '0' ),
( '32856', '88', '0' );

INSERT INTO `shooting_peoples`(`shooting_id`,`people_id`,`on_place`) VALUES
( '32856', '131', '0' ),
( '32856', '55', '0' ),
( '32871', '198', '1' ),
( '32871', '135', '0' ),
( '32871', '550', '0' ),
( '32871', '27', '0' ),
( '32883', '804', '0' ),
( '32883', '768', '0' ),
( '32802', '236', '1' ),
( '32802', '131', '0' ),
( '32802', '139', '0' ),
( '32802', '785', '0' ),
( '32802', '834', '0' ),
( '32880', '558', '0' ),
( '32880', '893', '0' ),
( '32880', '791', '0' ),
( '32846', '403', '0' ),
( '32846', '119', '0' ),
( '32846', '887', '0' ),
( '32846', '622', '0' ),
( '32870', '92', '0' ),
( '32870', '125', '0' ),
( '32870', '66', '0' ),
( '32886', '91', '0' ),
( '32886', '394', '0' ),
( '32886', '123', '0' ),
( '32886', '31', '0' ),
( '32885', '114', '0' ),
( '32885', '843', '0' ),
( '32885', '237', '0' ),
( '32872', '382', '0' ),
( '32872', '843', '0' ),
( '32872', '237', '0' ),
( '32895', '892', '0' ),
( '32895', '768', '0' ),
( '32895', '887', '0' ),
( '32876', '92', '0' ),
( '32876', '394', '0' ),
( '32876', '123', '0' ),
( '32876', '31', '0' ),
( '32860', '573', '0' ),
( '32860', '121', '0' ),
( '32860', '594', '0' ),
( '32860', '37', '0' ),
( '32887', '540', '0' ),
( '32887', '125', '0' ),
( '32887', '886', '0' ),
( '32887', '66', '0' ),
( '32882', '86', '0' ),
( '32882', '121', '0' ),
( '32857', '540', '0' ),
( '32857', '843', '0' ),
( '32857', '72', '0' ),
( '32877', '695', '1' ),
( '32877', '123', '0' ),
( '32877', '886', '0' ),
( '32877', '788', '0' ),
( '32899', '83', '1' ),
( '32899', '843', '0' ),
( '32899', '893', '0' ),
( '32899', '72', '0' ),
( '32889', '382', '0' ),
( '32889', '125', '0' ),
( '32889', '594', '0' ),
( '32889', '47', '0' ),
( '32902', '804', '0' ),
( '32902', '893', '0' ),
( '32901', '540', '0' ),
( '32901', '768', '0' ),
( '32901', '61', '0' ),
( '32884', '558', '0' ),
( '32884', '119', '0' ),
( '32884', '832', '0' ),
( '32904', '233', '0' ),
( '32890', '206', '0' ),
( '32890', '131', '0' ),
( '32890', '887', '0' ),
( '32890', '39', '0' ),
( '32859', '395', '1' ),
( '32859', '129', '0' ),
( '32859', '580', '0' ),
( '32859', '639', '0' ),
( '32900', '804', '0' ),
( '32900', '131', '0' ),
( '32900', '885', '0' ),
( '32900', '67', '0' ),
( '32888', '86', '0' ),
( '32888', '121', '0' ),
( '32888', '888', '0' ),
( '32888', '36', '0' ),
( '32907', '92', '0' ),
( '32907', '135', '0' ),
( '32907', '888', '0' ),
( '32907', '221', '0' ),
( '32906', '558', '0' ),
( '32906', '135', '0' ),
( '32906', '221', '0' ),
( '32908', '711', '0' ),
( '32908', '123', '0' ),
( '32908', '580', '0' ),
( '32909', '540', '0' ),
( '32909', '123', '0' ),
( '32909', '580', '0' ),
( '32910', '92', '0' ),
( '32910', '123', '0' ),
( '32905', '382', '0' ),
( '32905', '125', '0' ),
( '32905', '224', '0' ),
( '32911', '540', '0' ),
( '32911', '135', '0' ),
( '32891', '206', '0' ),
( '32891', '893', '0' ),
( '32891', '371', '0' ),
( '32891', '834', '0' ),
( '32863', '804', '0' ),
( '32863', '563', '0' ),
( '32863', '594', '0' ),
( '32863', '785', '0' ),
( '32912', '177', '0' ),
( '32912', '890', '0' ),
( '32912', '59', '0' ),
( '32913', '135', '0' ),
( '32897', '558', '0' ),
( '32897', '893', '0' ),
( '32897', '622', '0' ),
( '32893', '822', '0' ),
( '32893', '843', '0' ),
( '32893', '886', '0' ),
( '32893', '51', '0' ),
( '32864', '91', '0' ),
( '32864', '768', '0' ),
( '32864', '237', '0' ),
( '32918', '826', '0' ),
( '32896', '395', '0' ),
( '32896', '459', '0' ),
( '32896', '775', '0' ),
( '32896', '131', '0' ),
( '32896', '404', '0' ),
( '32894', '84', '0' ),
( '32894', '121', '0' ),
( '32894', '594', '0' ),
( '32894', '252', '0' ),
( '32785', '16', '0' ),
( '32785', '88', '0' ),
( '32785', '84', '0' ),
( '32785', '91', '0' ),
( '32785', '119', '0' ),
( '32785', '121', '0' ),
( '32785', '126', '0' ),
( '32785', '404', '0' ),
( '32785', '768', '0' ),
( '32785', '594', '0' ),
( '32785', '550', '0' ),
( '32785', '580', '0' ),
( '32903', '573', '0' ),
( '32903', '404', '0' ),
( '32903', '37', '0' ),
( '32892', '702', '0' ),
( '32892', '404', '0' ),
( '32892', '887', '0' ),
( '32921', '826', '0' ),
( '32921', '123', '0' ),
( '32917', '236', '1' ),
( '32917', '478', '1' ),
( '32917', '305', '1' ),
( '32917', '121', '0' ),
( '32917', '131', '0' ),
( '32917', '886', '0' ),
( '32917', '43', '0' ),
( '32914', '91', '0' ),
( '32914', '119', '0' ),
( '32914', '594', '0' ),
( '32914', '788', '0' ),
( '32929', '500', '1' ),
( '32929', '300', '1' ),
( '32855', '88', '0' ),
( '32855', '119', '0' ),
( '32855', '563', '0' ),
( '32855', '594', '0' ),
( '32855', '588', '0' ),
( '32928', '573', '0' ),
( '32928', '131', '0' ),
( '32928', '72', '0' ),
( '32932', '403', '0' ),
( '32932', '893', '0' ),
( '32932', '39', '0' ),
( '32920', '822', '0' ),
( '32920', '123', '0' ),
( '32920', '71', '0' ),
( '32922', '459', '0' ),
( '32922', '404', '0' ),
( '32922', '58', '0' ),
( '32916', '573', '0' ),
( '32916', '123', '0' ),
( '32916', '131', '0' ),
( '32916', '404', '0' ),
( '32916', '143', '0' ),
( '32916', '594', '0' ),
( '32916', '35', '0' ),
( '32916', '43', '0' ),
( '32924', '92', '0' ),
( '32924', '843', '0' ),
( '32924', '580', '0' ),
( '32924', '639', '0' ),
( '32926', '382', '0' ),
( '32926', '843', '0' ),
( '32926', '580', '0' ),
( '32926', '639', '0' ),
( '32923', '403', '0' ),
( '32923', '404', '0' ),
( '32923', '886', '0' ),
( '32923', '59', '0' ),
( '32931', '236', '1' ),
( '32931', '478', '1' ),
( '32931', '305', '1' ),
( '32931', '129', '0' ),
( '32931', '696', '0' ),
( '32931', '159', '0' ),
( '32931', '221', '0' ),
( '32939', '558', '0' ),
( '32939', '143', '0' ),
( '32939', '159', '0' ),
( '32939', '834', '0' ),
( '32915', '597', '1' ),
( '32915', '123', '0' ),
( '32915', '580', '0' ),
( '32915', '55', '0' ),
( '32936', '377', '0' ),
( '32936', '843', '0' ),
( '32936', '212', '0' ),
( '32930', '540', '0' ),
( '32930', '88', '0' ),
( '32930', '84', '0' ),
( '32930', '123', '0' ),
( '32930', '126', '0' ),
( '32930', '131', '0' ),
( '32930', '655', '0' ),
( '32930', '594', '0' ),
( '32930', '887', '0' ),
( '32930', '639', '0' ),
( '32930', '67', '0' ),
( '32933', '573', '0' ),
( '32933', '131', '0' ),
( '32933', '888', '0' ),
( '32933', '51', '0' ),
( '32938', '86', '0' ),
( '32938', '119', '0' ),
( '32938', '27', '0' ),
( '32825', '16', '0' ),
( '32825', '126', '0' );

INSERT INTO `shooting_peoples`(`shooting_id`,`people_id`,`on_place`) VALUES
( '32825', '225', '0' ),
( '32825', '59', '0' ),
( '32825', '65', '0' ),
( '32942', '83', '0' ),
( '32942', '135', '0' ),
( '32942', '580', '0' ),
( '32942', '574', '0' ),
( '32944', '16', '0' ),
( '32944', '843', '0' ),
( '32944', '791', '0' ),
( '32945', '91', '0' ),
( '32945', '121', '0' ),
( '32945', '893', '0' ),
( '32945', '788', '0' ),
( '32919', '86', '0' ),
( '32919', '121', '0' ),
( '32919', '888', '0' ),
( '32919', '36', '0' ),
( '32934', '796', '0' ),
( '32934', '125', '0' ),
( '32934', '67', '0' ),
( '32947', '84', '0' ),
( '32947', '86', '0' ),
( '32947', '713', '0' ),
( '32947', '123', '0' ),
( '32947', '126', '0' ),
( '32947', '141', '0' ),
( '32947', '655', '0' ),
( '32947', '594', '0' ),
( '32951', '510', '0' ),
( '32943', '382', '0' ),
( '32943', '131', '0' ),
( '32943', '887', '0' ),
( '32943', '35', '0' ),
( '32946', '236', '1' ),
( '32946', '478', '1' ),
( '32946', '305', '0' ),
( '32946', '123', '0' ),
( '32946', '371', '0' ),
( '32946', '47', '0' ),
( '32925', '755', '0' ),
( '32925', '119', '0' ),
( '32925', '886', '0' ),
( '32925', '66', '0' ),
( '32927', '190', '0' ),
( '32927', '500', '0' ),
( '32927', '125', '0' ),
( '32927', '177', '0' ),
( '32940', '702', '0' ),
( '32940', '394', '0' ),
( '32940', '123', '0' ),
( '32937', '382', '0' ),
( '32937', '125', '0' ),
( '32937', '40', '0' ),
( '32898', '711', '0' ),
( '32898', '119', '0' ),
( '32898', '31', '0' ),
( '32953', '822', '0' ),
( '32953', '123', '0' ),
( '32953', '893', '0' ),
( '32953', '131', '0' ),
( '32953', '594', '0' ),
( '32953', '886', '0' ),
( '32949', '91', '0' ),
( '32949', '893', '0' ),
( '32949', '43', '0' ),
( '32950', '702', '0' ),
( '32950', '123', '0' ),
( '32950', '159', '0' ),
( '32955', '135', '0' ),
( '32955', '221', '0' ),
( '32935', '883', '0' ),
( '32935', '135', '0' ),
( '32935', '888', '0' ),
( '32935', '55', '0' ),
( '32948', '695', '1' ),
( '32948', '135', '0' ),
( '32948', '888', '0' ),
( '32948', '55', '0' ),
( '32941', '404', '0' ),
( '32941', '696', '0' ),
( '32941', '580', '0' ),
( '32941', '834', '0' ),
( '32952', '86', '0' ),
( '32952', '119', '0' ),
( '32952', '886', '0' ),
( '32952', '588', '0' ),
( '32956', '92', '0' ),
( '32956', '892', '0' ),
( '32956', '119', '0' ),
( '32956', '886', '0' ),
( '32956', '588', '0' );

INSERT INTO `peoples` (`id`,`shortname`,`role_id`) VALUES
( 556,'test',1 ),
( 827,'Test',21 ),
( 629,'test1',1 ),
( 753,'',1 ),
( 774,'test',5 ),
( 23,'Абдулкаюмов Н.М.',6 ),
( 451,'Абрамова Е.В.',5 ),
( 272,'Абубакирова Д.М.',16 ),
( 394,'Агаян С.Д.',4 ),
( 546,'Агишев Р.Д.',16 ),
( 601,'Айкашева А.А.',16 ),
( 119,'Александров А.В.',4 ),
( 859,'Александров Максим',25 ),
( 437,'Алексеева Т.В.',5 ),
( 452,'Алексеенко П.Н.',4 ),
( 345,'Алексеенко П.Н.',17 ),
( 179,'Алифанова С.Д.',17 ),
( 243,'Алифанова С.Д.',17 ),
( 353,'Аль-Сальхани М.Г.',16 ),
( 747,'Андреев А.С',5 ),
( 336,'Андреев С.А.',5 ),
( 299,'Андреев С.А.',22 ),
( 665,'Андреева О.А.',20 ),
( 642,'Андреева Ю.В.',16 ),
( 691,'Андриянов В.В.',5 ),
( 661,'Андриянов В.В.',22 ),
( 604,'Андросова М.Е.',19 ),
( 14,'Аникеев А.Г.',9 ),
( 213,'Антипова У.А.',5 ),
( 120,'Антонов А.А.',4 ),
( 791,'Антошин А.В.',6 ),
( 165,'Апреликова К.Е.',17 ),
( 587,'Артамонов И.А.',6 ),
( 121,'Артемов М.В.',4 ),
( 599,'Арчикова Е.В.',16 ),
( 185,'Астафьев.Ю.Н',17 ),
( 24,'Астахов Н.И.',6 ),
( 829,'Атласов И.А',21 ),
( 27,'Бабак Е.В.',6 ),
( 1,'Бабиков П.В.',1 ),
( 73,'Бабченко С.А.',6 ),
( 16,'Бажайкина А.В.',5 ),
( 373,'Бажайкина А.В.',21 ),
( 598,'Бакушина Е.А.',16 ),
( 597,'Бакушина Е.А.',5 ),
( 333,'Балыкин В.В.',6 ),
( 356,'Бандылюк В.В.',6 ),
( 26,'Баранов В.С.',6 ),
( 549,'Барашев Е.В.',9 ),
( 459,'Барбаш Д.А.',16 ),
( 383,'Бартков А.А.',5 ),
( 761,'Барыкин Ю.М.',6 ),
( 231,'Барышников А.В.',4 ),
( 717,'Г.Н.',16 ),
( 191,'Басов П.Э.',21 ),
( 217,'Батыршин Р.И.',1 ),
( 484,'Баштыренко М.А.',21 ),
( 720,'Владимир',5 ),
( 725,'Беззуб В.',16 ),
( 660,'Беззуб В.В.',16 ),
( 644,'Безрук Н.В.',16 ),
( 123,'Бекренев И.Г.',4 ),
( 397,'Белинская В.О.',16 ),
( 492,'Белицкий Д.В.',19 ),
( 25,'Белкин Е.Л.',6 ),
( 571,'Белов Е.С',9 ),
( 547,'Белов С.А.',6 ),
( 590,'Бельченкова Л.Н.',16 ),
( 647,'Беляева И.А.',5 ),
( 74,'Березин С.Ю.',6 ),
( 257,'Березовская О.М.',16 ),
( 562,'Андрей А.С.',16 ),
( 395,'Бирюков Р.В.',5 ),
( 801,'Бирюков Р.В.',16 ),
( 400,'Бирюков Р.В.',21 ),
( 429,'Бобровская О.С.',5 ),
( 872,'Богданов Александр',25 ),
( 693,'Богословцева С.Л',16 ),
( 702,'Бозиев А.О.',5 ),
( 605,'Бойцов М.В.',4 ),
( 607,'Бойцов М.В.',5 ),
( 594,'Болдырев В.В.',9 ),
( 577,'Большакова Е. М.',16 ),
( 122,'Бондаренко С.Г.',4 ),
( 408,'Борзова Е.М.',21 ),
( 462,'Борисов К.А.',5 ),
( 782,'Борисова Н.В.',21 ),
( 469,'Борисова Н.В.',21 ),
( 301,'Боричева Н.Ю.',5 ),
( 361,'Боричева Н.Ю.',21 ),
( 869,'Боровский Сергей',25 ),
( 877,'Бочкарева Мария',25 ),
( 707,'Бочкарева М.В.',5 ),
( 175,'Брановец А.И.',5 ),
( 684,'Бриус А. М.',16 ),
( 683,'Бриус А.М.',5 ),
( 663,'Бузятова Т.В.',16 ),
( 418,'Булдыгина С.М.',16 ),
( 393,'Буторина Д.Д.',16 ),
( 320,'Быкова Н.А.',20 ),
( 506,'Бялко М.А.',16 ),
( 709,'Варитлова А.М.',16 ),
( 622,'Васильев А.В.',6 ),
( 221,'Васильев М.Ю.',6 ),
( 29,'Василюк В.Б.',6 ),
( 558,'Васнев А.В.',5 ),
( 266,'Ведяпина О.В.',20 ),
( 124,'Вербецкий С.Л.',4 ),
( 843,'Вербицкий С.Л.',4 ),
( 852,'Верник Алексей',25 ),
( 30,'Виноградов П.В.',6 ),
( 522,'Сероухов В.',21 ),
( 285,'Власов А.Ю.',5 ),
( 214,'Власов А.А.',6 ),
( 830,'Воденко Н.А.',16 ),
( 372,'Воденко Н.А.',16 ),
( 176,'Волгин Р.С.',5 ),
( 588,'Волосатов С.А.',6 ),
( 308,'Волошина К.В.',16 ),
( 885,'Воробьев Р.В',9 ),
( 344,'Воронов А.И.',5 ),
( 436,'Воронов А.И.',21 ),
( 12,'Габов К.В.',5 ),
( 871,'Галанов Иван',25 ),
( 818,'Галиев И.И.',21 ),
( 608,'Гальперин Р.И.',5 ),
( 621,'Гальперин Р.И.',20 ),
( 168,'Гапоненко В.В.',10 ),
( 793,'Гараева М.Э.',16 ),
( 545,'Гаращенко К.О.',16 ),
( 821,'Гацко И.В.',6 ),
( 146,'Генералов Д.А.',9 ),
( 887,'Генералов Д.А.',9 ),
( 81,'Генералова Е.С.',5 ),
( 362,'Генералова Е. С.',16 ),
( 351,'Герасимчук В.В.',16 ),
( 770,'Гинцберг Е.Г.',21 ),
( 265,'Головина А.А.',16 ),
( 72,'Голота В.В.',6 ),
( 847,'Голубева С. И.',21 ),
( 252,'Гомозов В.А.',6 ),
( 147,'Гончаров А.Н. ',9 ),
( 886,'Гончаров Ан.Н',9 ),
( 125,'Гончаров Д.А.',4 ),
( 832,'Горбачев А.Н.',6 ),
( 180,'Горбунова А.В.',17 ),
( 626,'Городилина М.',5 ),
( 211,'Горчакова Л.В.',5 ),
( 32,'Горячев Г.В.',6 ),
( 682,'Гоф В.В.',5 ),
( 679,'Гофф В.В.',5 ),
( 667,'Гражданников Н.Е',9 ),
( 524,'Грекова М.В.',16 ),
( 572,'Григорович М.Д.',5 ),
( 293,'Гример',23 ),
( 833,'Гриценко С.Д.',17 ),
( 427,'Гришина В.А.',16 ),
( 678,'Гришина В.А.',19 ),
( 428,'Гришина C.В.',16 ),
( 447,'Гришина Э.Н.',17 ),
( 776,'Грудистова А.С.',5 ),
( 811,'Грызлова А.А.',16 ),
( 671,'Гуревич Е.М.',17 ),
( 31,'Гуреев Е.А.',6 ),
( 431,'Гуфранова М.И.',5 ),
( 297,'Гуфранова М.И.',24 ),
( 670,'Давыдов Д.C.',5 ),
( 33,'Давыдов С.В.',6 ),
( 36,'Дальский П.А.',6 ),
( 473,'Данилина М.А.',21 ),
( 771,'Данилов А.А',9 ),
( 149,'Данилов А.А.',9 ),
( 148,'Данилов В.Л.',9 ),
( 759,'Данилов Г.В.',21 ),
( 174,'Данилова Т.В.',1 ),
( 198,'Даногуев Д.Ш.',5 ),
( 82,'Дашенко А.А.',16 ),
( 341,'Дашкуева Э.М.',5 ),
( 513,'Дашкуева Э.М.',21 ),
( 416,'Дегтерева Е. Д.',16 ),
( 514,'Дементьев П.А.',4 ),
( 744,'Дементьева Д.С.',5 ),
( 743,'Дементьева Д.С.',24 ),
( 585,'Демиденко Т. Г.',16 ),
( 584,'Демиденко Т.Г.',5 ),
( 126,'Демидов Р.Ю.',4 ),
( 769,'Демидова Е.О.',21 ),
( 110,'Демидова К.С.',16 ),
( 746,'Демьянец А.А.',16 ),
( 18,'Денисенко Д.О.',1 ),
( 784,'А.И',6 ),
( 749,'А.Н.',6 ),
( 750,'Деньщиков А.Н.',6 ),
( 785,'Деньщиков А.И.',6 ),
( 83,'Деркач А.С.',5 ),
( 360,'Деркач А.С.',21 ),
( 433,'Дерябин А.А.',21 ),
( 573,'Джус К. Г.',5 ),
( 636,'Джус К. Г.',16 ),
( 454,'Джус К.Г.',5 ),
( 303,'Дзебисов А.О.',17 ),
( 828,'Долгиева Ф.М.',5 ),
( 658,'Долгий В.А.',21 ),
( 127,'Долиновский М.М.',4 ),
( 424,'Домовцева О.В.',5 ),
( 34,'Дормидонов С.А.',6 ),
( 128,'Дорохов М.А.',4 ),
( 422,'Драгилев Г.К.',16 ),
( 84,'Драгнев М.Н.',5 ),
( 414,'Драгнев М.Н.',21 ),
( 648,'Дробышев П.Ю.',6 ),
( 35,'Дубовец А.С.',6 ),
( 557,'Дудченко А.Г.',16 ),
( 466,'Дуев Н.В.',5 ),
( 641,'Дыкун М.Р.',5 ),
( 438,'Дюжикова Н. В.',16 ),
( 554,'Дятлов А.С',9 ),
( 129,'Евсеев С.К.',4 ),
( 826,'Еганов А.Ю.',5 ),
( 854,'Ежова Елена',25 ),
( 453,'Елаев В.С.',4 ),
( 367,'Шарова Е.Н.',21 ),
( 501,'Ельманов Д.В.',6 ),
( 856,'Епинина Инна',25 ),
( 130,'Еремин Е.А.',4 ),
( 38,'Еремин С.А.',6 ),
( 510,'Ермаченкова М.М.',5 ),
( 37,'Ершов А.Ю.',6 ),
( 726,'Ефремов А.В',5 ),
( 343,'Жемчугова О.А.',5 ),
( 509,'Жемчугова О.А.',21 ),
( 385,'Жестков А.Ю.',5 ),
( 602,'Живкович И.М.',5 ),
( 892,'Жидких А.А',5 ),
( 675,'Жидких А.А.',5 ),
( 39,'Жуков С.Т.',6 ),
( 177,'Журавлев Р.Н',4 ),
( 775,'Журавлева Д.А.',19 ),
( 178,'Журавлева Н.П.',17 ),
( 862,'Жуховицкий  Константин',25 ),
( 541,'Забежайло О.',5 ),
( 544,'Забежайло О.',16 ),
( 13,'Забежинский И.Б.',9 ),
( 893,'Забежинский И.Б.',4 ),
( 662,'Забежинский И.Б.',9 ),
( 86,'Забрудский Д.Б.',5 ),
( 435,'Забрудский Д.Б.',21 ),
( 491,'Заволжская В.В.',16 ),
( 653,'Загоровская А.Е.',5 ),
( 206,'Заднепровская Е.П.',16 ),
( 894,'Задорожний Ю.А.',1 ),
( 656,'Заикина В.Д.',5 ),
( 406,'Залогин В.И.',16 ),
( 692,'Занегин С.О.',5 ),
( 728,'Зарщикова Г.А.',16 ),
( 615,'Зарщикова Г. А.',16 ),
( 300,'Заславский Г.А.',5 ),
( 312,'Зассеев Е. Т.',16 ),
( 498,'Захарова  Е. Е.',21 ),
( 499,'Зейгер Н.М.',16 ),
( 874,'Зикратов Сергей',25 ),
( 131,'Зильбер А.А.',4 ),
( 593,'Зозуля А.А.',16 ),
( 40,'Зотов А.В.',6 ),
( 41,'Зудин И. В.',6 ),
( 730,'Зуева Е.С.',16 ),
( 249,'Иванов В.К.',6 ),
( 624,'Игнатова К.В.',16 ),
( 864,'Игнатьев Андрей',25 ),
( 4,'Иконников А.Ю.',1 ),
( 5,'Иконников В.В.',6 ),
( 264,'Ильиных К. В.',16 ),
( 251,'Инженер',1 ),
( 200,'Ипполитова А.Н.',16 ),
( 611,'Ирина М.',21 ),
( 262,'Исмаков И. Ю.',16 ),
( 863,'Истратов  Максим',25 ),
( 814,'Казакова М. В.',16 ),
( 387,'Казакова М.В.',5 ),
( 465,'Казарян А.П.',5 ),
( 875,'Калашников Виктор',25 ),
( 364,'Калугин Д. С.',5 ),
( 758,'Кальмин Д.И.',5 ),
( 610,'Калякин А.М.',16 ),
( 48,'Каменский Д.А.',6 ),
( 244,'Капарулин В.Р.',17 ),
( 44,'Капустин И.Ф.',6 ),
( 825,'Каратаев Д.С.',16 ),
( 881,'Кардашян М.Г.',16 ),
( 404,'Карев А.Н.',4 ),
( 680,'Каримова Г С',16 ),
( 669,'Каримова Г.С.',16 ),
( 247,'Карпова Е.Ю.',20 ),
( 591,'Карташова Е.В.',16 ),
( 635,'Карташова Е.В.',21 ),
( 472,'Катаев К.Н.',5 ),
( 163,'Кациев А.О.',19 ),
( 331,'Квурт С.В.',10 ),
( 586,'Келасева А.Г.',16 ),
( 420,'Кизильбашева И.И.',21 ),
( 617,'Кильчевский А.И.',6 ),
( 813,'Ким Н.С.',5 ),
( 421,'Киреев И.И.',16 ),
( 47,'Киреев С.Е.',6 ),
( 208,'Киреева М.П.',5 ),
( 583,'Кириллов И.Д.',5 ),
( 46,'Кириллов Л. А.',6 ),
( 575,'Кириллов Ю.Е.',16 ),
( 349,'Киселев А. В.',16 ),
( 187,'Китайкин Е.С.',6 ),
( 254,'Клебанов Г.А.',16 ),
( 548,'Климкин А.С.',9 ),
( 468,'Климкина О.В.',5 ),
( 550,'Климов А.С',9 ),
( 836,'Климов П. В.',6 ),
( 223,'Кнор А. Е.',5 ),
( 457,'Ковальчук Д.К.',16 ),
( 781,'Козаченок О.Г.',16 ),
( 891,'Козлова Ю.Н.',16 ),
( 570,'Колбяков А.Г',9 ),
( 241,'Колесова В.Е',17 ),
( 507,'Кондрашов В.А.',21 ),
( 757,'Кондрашов В.А.',5 ),
( 162,'Константинова Т.Ф.',19 ),
( 866,'Контарева Евгения',25 ),
( 151,'Копин А.В.',9 ),
( 745,'Копин А. В.',13 ),
( 849,'Коробова Ульяна',25 ),
( 497,'Коронный Д.Ю.',5 ),
( 150,'Корчагин А.П.',9 ),
( 390,'Корчагина А. Ю.',16 ),
( 277,'Корчагина А.Ю.',5 ),
( 3,'Корякина И.C.',1 ),
( 368,'Коряков А. В.',21 ),
( 543,'Коряков А.В.',5 ),
( 42,'Костиков Д.С.',6 ),
( 523,'Костюшин Н.А.',19 ),
( 49,'Кочетков М.А.',6 ),
( 287,'Кошеренкова С.',16 ),
( 838,'Краевский П П',5 ),
( 88,'Красоткин М.В.',5 ),
( 401,'Красоткин М.В.',21 ),
( 286,'Крихели К.',16 ),
( 716,'Крихели К.В.',16 ),
( 486,'Крошкина М.А.',16 ),
( 229,'Крутилин Е.В.',4 ),
( 327,'Крутилин Е.В.',9 ),
( 45,'Кудинов Н.В.',6 ),
( 712,'Кузнецов М.С.',5 ),
( 729,'Кузнецова В.Ю.',21 ),
( 734,'Кузнецова В.Ю.',5 ),
( 778,'Кузнецова Н.',16 ),
( 762,'Кузьмин А.Ю.',16 ),
( 89,'Кузьминская И.В.',5 ),
( 505,'Кузьминская И.В.',21 ),
( 563,'Куковский А.А.',4 ),
( 152,'Куковский А.А.',9 ),
( 603,'Куковский А.А.',9 ),
( 238,'Кукса Ю.В.',20 ),
( 848,'Кулаев Алан',25 ),
( 153,'Кулаков Н.А.',9 ),
( 164,'Кулачков М.А.',19 ),
( 434,'Кулачков М.А.',21 ),
( 511,'Кулик С.С.',5 ),
( 315,'Купреенко П. В.',16 ),
( 43,'Курамшин Р.К.',6 ),
( 853,'Курданов Игорь',25 ),
( 698,'Кучерова П.Г.',16 ),
( 155,'Лавров В.А.',9 ),
( 154,'Лазарев А.Ю.',9 ),
( 274,'Ланге С.',16 ),
( 50,'Лапшинов А.Н.',6 ),
( 51,'Лапшинов В.А.',6 ),
( 508,'Лапычева М.И.',5 ),
( 766,'Левченко С И',16 ),
( 677,'Ледяйкин А.В.',16 ),
( 197,'Линарт И.И.',16 ),
( 713,'Лиходедова А.Ю.',5 ),
( 722,'Лиходедова А.Ю.',21 ),
( 553,'Лобанов А. А',9 ),
( 823,'Логвиненко Е.В.',5 ),
( 104,'Логвинова А.Д.',16 ),
( 450,'Логинова А.Н.',16 ),
( 566,'Лопухов А.В.',5 ),
( 411,'Лукоянов Э.Л.',16 ),
( 212,'Лукьянов Д.Ю.',6 ),
( 398,'Лысаченко Г. П.',21 ),
( 471,'Лышнова М.В.',5 ),
( 114,'Львова М.М.',16 ),
( 374,'Львова М. М.',21 ),
( 388,'Любутова Е.А.',16 ),
( 194,'Лясковский С.А.',5 ),
( 742,'Майрова Т.Н.',16 ),
( 235,'Макаров А.Н.',21 ),
( 735,'Макаров А.В.',5 ),
( 659,'Македонская А.А.',16 ),
( 189,'Македонская А.А.',5 ),
( 654,'Макеева В.В.',16 ),
( 169,'Маковский А.Е.',10 ),
( 326,'Максименко Е.А.',5 ),
( 338,'Максимова Е.А.',16 ),
( 579,'Малашенко А. А.',16 ),
( 529,'Малашенко А.А.',16 ),
( 132,'Малеев А.В.',4 ),
( 156,'Малинин Г.С.',9 ),
( 718,'Мальковский А.А',4 ),
( 52,'Мальцев И.Л.',6 ),
( 820,'Манакина Я. А.',16 ),
( 304,'Манукян В.',9 ),
( 696,'Манукян В.М.',4 ),
( 250,'Манукян М.В.',16 ),
( 97,'Мариничев Р.С.',5 ),
( 357,'Маркив И.В.',16 ),
( 183,'Мартынов С.Ю.',6 ),
( 339,'Марунина О.В.',5 ),
( 234,'Матвеев Ал.Д.',4 ),
( 233,'Матвеев Ан.А.',4 ),
( 384,'Матвеев П.А.',4 ),
( 651,'Мачюлите М.Р.',16 ),
( 448,'Машенцева И. И.',16 ),
( 134,'Медведев И.С.',4 ),
( 396,'Медведев М.Ю.',6 ),
( 623,'Медведев-Троицкий Г.И.',9 ),
( 365,'Медовникова Е.Г.',5 ),
( 295,'Медовникова Е.Г.',24 ),
( 296,'Мельников А.Б.',24 ),
( 278,'Меншатов И Н',17 ),
( 54,'Меньшиков М.М.',6 ),
( 704,'Меснянкина К.А.',16 ),
( 595,'Местман М.С.',16 ),
( 98,'Мехтиев А.Г.',5 ),
( 455,'Мизиева Л.М.',16 ),
( 220,'Минаева В.А.',17 ),
( 515,'Минеев С.А.',16 ),
( 868,'Миронов Андрей',25 ),
( 846,'Миронова Л.И.',21 ),
( 817,'Миронова Л. И.',16 ),
( 358,'Миронова Л.И.',21 ),
( 701,'Михайлов А.Ю.',5 ),
( 714,'Михайлов А.Ю.',21 ),
( 855,'Михалев Павел',25 ),
( 504,'Михейцев М.А.',6 ),
( 55,'Мишучков С.В.',6 ),
( 340,'Мищенко Э.О.',16 ),
( 56,'Молитвин Д.И.',6 ),
( 612,'Молочко А.О.',16 ),
( 53,'Мольков К.Н.',6 ),
( 700,'Моренко С.С.',16 ),
( 57,'Морозкин К.Н.',6 ),
( 777,'Морозова А. с.',16 ),
( 812,'Морозова А.С.',5 ),
( 731,'Морозова О.К.',5 ),
( 844,'Морсина А.Ю',4 ),
( 157,'Москвин В.А.',9 ),
( 483,'Мостовщиков В.С',16 ),
( 878,'Мосунов Игорь',5 ),
( 883,'Мосунов И.А.',5 ),
( 237,'Мудров А.В.',6 ),
( 167,'Наговицын С.С.',10 ),
( 172,'Назаришин В.В.',10 ),
( 317,'Назарова А.А.',16 ),
( 403,'Наймушин И. Н.',16 ),
( 574,'Наследухов А.В.',6 ),
( 719,'Неверова К.В.',16 ),
( 681,'Недорезова Д.Ю.',16 ),
( 618,'Недоступ М.В.',16 ),
( 75,'Недумин В.Н.',6 ),
( 135,'Неклюдов А.В.',4 ),
( 430,'Неклюдов Н.А.',5 ),
( 298,'Неклюдов Н.А.',22 ),
( 58,'Некрасов Н.Б.',6 ),
( 389,'Немов М.С.',16 ),
( 674,'Нереуца И.А',9 ),
( 672,'Нереуца И.А.',9 ),
( 494,'Нестеренко Е. В.',16 ),
( 334,'Нестеренко Е.В.',5 ),
( 476,'Нетунаева Н.В.',5 ),
( 578,'Нефедов А.В.',16 ),
( 171,'Никитин А.А.',10 ),
( 99,'Никифоров Р.В.',5 ),
( 831,'Никишина Д.А.',16 ),
( 727,'Николаев Р.И.',5 ),
( 193,'Николаев С.А.',5 ),
( 379,'Николаева Ю.',5 ),
( 755,'Никольская О. Н.',16 ),
( 751,'Никольская О.Н.',5 ),
( 260,'Новак Н.М.',16 ),
( 475,'Новиков А.А.',5 ),
( 889,'Новикова Т.С.',16 ),
( 22,'Носков В.В.',10 ),
( 371,'Ободзинский Э.Ю',4 ),
( 787,'Овсюков А.А.',21 ),
( 136,'Олеевский Д.В.',4 ),
( 789,'Омелина О.А.',5 ),
( 512,'Оператор',21 ),
( 21,'Ординарцев Е.А.',10 ),
( 795,'Осипов Д.А.',6 ),
( 230,'Рикельме Гатика О.',5 ),
( 335,'Павленкова Е.В.',16 ),
( 879,'Павленко Е. В.',16 ),
( 880,'Павленкова Е. В.',16 ),
( 239,'Павлов А. А.',17 ),
( 270,'Павлова Е.В.',16 ),
( 318,'Палько С.В.',16 ),
( 105,'Панкратова Н.В.',16 ),
( 482,'Парамонова О.С.',16 ),
( 91,'Парпура А.О.',16 ),
( 627,'Парфенов Д.В',16 ),
( 439,'Паршинцев Р.А.',5 ),
( 592,'Пасечник А.Н.',9 ),
( 748,'Пахомова В.М.',16 ),
( 316,'Пашкульский С.В.',5 ),
( 888,'Петин А.В.',9 ),
( 109,'Петракова О.И.',16 ),
( 324,'Печковская А.С,',21 ),
( 496,'Пименова В.В.',16 ),
( 319,'Писаревская А.В.',16 ),
( 352,'Поддубская Т.А.',16 ),
( 419,'Покровский А.А.',16 ),
( 537,'Поликарпова К.Н.',5 ),
( 536,'Поликарпока К.Н.',5 ),
( 369,'Полищук П.Н.',21 ),
( 242,'Полищук П.Н.',5 ),
( 158,'Поляков И.М.',9 ),
( 92,'Поляков С.И.',16 ),
( 77,'Поставничий Д.В.',6 ),
( 481,'Практикант',5 ),
( 664,'Пранович М.Д.',16 ),
( 632,'Пранович М.Д.',5 ),
( 59,'Прилепский В.О.',6 ),
( 806,'Приходько М.С.',5 ),
( 809,'Приходько М.С.',16 ),
( 835,'Прохоров А.В.',6 ),
( 330,'Прохоров  А.С.',5 ),
( 79,'Пугачёв В.И.',6 ),
( 609,'Пугачев Е.М',9 ),
( 764,'Пугачева Ю.В.',21 ),
( 697,'Путис И.И.',17 ),
( 555,'Пушка В.И.',6 ),
( 170,'Пушкарев А.М.',10 ),
( 652,'Рабкин В.С.',16 ),
( 259,'Раджабов Р.А.',5 ),
( 313,'Раевская Е.Б.',21 ),
( 392,'Раевская Л.И.',20 ),
( 606,'Раевский А.В.',5 ),
( 489,'Разбегаева М.Р.',5 ),
( 502,'Разбегаева М.Р.',21 ),
( 561,'Райко Д.В.',4 ),
( 485,'Райтер',5 ),
( 580,'Распопов А.С',9 ),
( 410,'Распопова О.В.',21 ),
( 323,'Рашкин О.Б.',13 ),
( 248,'Ребизова И.А.',20 ),
( 723,'Ребизова И.А.',5 ),
( 246,'Редактор',4 ),
( 159,'Рекин А.В.',9 ),
( 765,'Ремизова А.',21 ),
( 137,'Ро Е.Ч.',4 ),
( 488,'Рогальская Е.Ю.',5 ),
( 495,'Рогальская Е.Ю.',21 ),
( 535,'Родин Д.С.',17 ),
( 810,'Родионов А.А.',21 ),
( 463,'Родионов Е.А.',5 ),
( 225,'Романов А.Ю.',4 ),
( 253,'Романычева И.Ю.',13 ),
( 61,'Русаков С.Н.',6 ),
( 60,'Русин А.Ю.',6 ),
( 824,'Рыбалкин Е.А.',16 ),
( 645,'Рюмина С.В.',16 ),
( 842,'Рябикина Е.С.',16 ),
( 666,'Рябов В.А',16 ),
( 796,'Рябов Д.Н.',5 ),
( 732,'',6 ),
( 733,'Рябцев В.В.',6 ),
( 236,'Савельева Е.С.',5 ),
( 640,'Савенков С.В.',16 ),
( 138,'Савчин Н.В.',4 ),
( 478,'Самборский В.Г.',5 ),
( 443,'Самборский Е.',5 ),
( 819,'Самойлова Л.Ю.',5 ),
( 425,'Самсонов А.С.',5 ),
( 493,'Самылов  М.А.',5 ),
( 614,'Санников А.А.',21 ),
( 792,'Сапарова Э.К.',16 ),
( 630,'Сапинский С.Н.',9 ),
( 329,'Сарычев Н.М.',5 ),
( 631,'Сарычева Ю.',4 ),
( 633,'Сарычева Ю.В.',4 ),
( 534,'Сафронов С.М.',17 ),
( 446,'Свиричевский Г.В.',6 ),
( 552,'Свирчевский Г.В.',6 ),
( 551,'Свирчевский Г.В.',6 ),
( 837,'Сдерихина О.П.',16 ),
( 800,'Себетов А.',4 ),
( 539,'Себетов А.К.',4 ),
( 477,'Седых Л.',5 ),
( 805,'Секретарев А.Ю.',5 ),
( 382,'Селяева А.В.',16 ),
( 460,'Семейско С.В.',16 ),
( 62,'Семенов И.Е.',6 ),
( 140,'Семкин А.В.',4 ),
( 267,'Беликов С.И.',16 ),
( 292,'Серебрянникова В.Н.',16 ),
( 616,'Серегина О.К.',5 ),
( 711,'Сережкина Н. В.',5 ),
( 409,'Серёжкина Н. В.',16 ),
( 518,'Сероухов В.Д.',21 ),
( 540,'Сероухов В. Д.',5 ),
( 381,'Сероухов В.Д.',5 ),
( 799,'Евгений',16 ),
( 816,'Сидоренко Е.С.',21 ),
( 160,'Силиянов Ю.А. ',9 ),
( 139,'Симбиряков Е.И.',4 ),
( 564,'Синяков А.Л.',16 ),
( 649,'Слепнёв Е.В.',16 ),
( 783,'Слободенюк Ф.Ю.',1 ),
( 542,'Смирнов А.А.',6 ),
( 490,'Смирнов Л.В.',16 ),
( 643,'Смирнов П.А.',5 ),
( 216,'Смирнов С.Ю.',17 ),
( 309,'Смирнов С.Ю.',21 ),
( 559,'Смирнова А.А.',16 ),
( 589,'Смольянинов А.Ю.',9 ),
( 851,'Смыков Алексей',25 ),
( 215,'Соколов А.В.',6 ),
( 752,'Соловьева Е.А.',16 ),
( 779,'Соловьева О. Г.',16 ),
( 625,'Соловьева О.Г.',16 ),
( 332,'Солопова М.Г.',16 ),
( 480,'Стажер',5 ),
( 620,'Стажер из филиала',4 ),
( 619,'Стажер из филиала ',5 ),
( 94,'Старков А.С.',5 ),
( 63,'Старостин С.А.',6 ),
( 673,'Старостин С.А',9 ),
( 756,'Степанкова Е.А.',16 ),
( 432,'Степанова Л.В.',5 ),
( 890,'Степанова М.Е.',4 ),
( 307,'Степина Е.А.',16 ),
( 442,'Стерхов Г.А.',5 ),
( 76,'Страшнов В.Б.',6 ),
( 256,'Стрекнев А.В.',16 ),
( 525,'Сутугин Ю.А.',5 ),
( 449,'Сутягина Н.В.',5 ),
( 101,'Сухарников Ф.А.',16 ),
( 634,'Такси',6 ),
( 141,'Таминдаров И.Г.',4 ),
( 258,'Татарникова О.А.',16 ),
( 527,'Тен Л.В.',16 ),
( 528,'Тенсик Е.С.',16 ),
( 715,'Теребенцев А.А.',5 ),
( 740,'Терехов Д.',5 ),
( 741,'Терехов Д.Э.',5 ),
( 861,'Терзинов Александр',25 ),
( 532,'Терзинов А.И.',5 ),
( 519,'тест',4 ),
( 531,'Тест',5 ),
( 520,'Иван И.В.',9 ),
( 521,'Георгий Г.Г.',6 ),
( 348,'ТЖК',13 ),
( 190,'Тилова К.С.',5 ),
( 173,'Тимофеев А.А.',10 ),
( 503,'Тимофеев Д.И.',16 ),
( 182,'Титова В.Э.',5 ),
( 142,'Тихомиров Г.В.',4 ),
( 786,'Тихонов А.И.',16 ),
( 255,'Толстов А.В.',16 ),
( 143,'Трегубов С.С.',4 ),
( 695,'Тришина Н.В.',16 ),
( 526,'Трофимова Т.Ю.',16 ),
( 391,'Трофимова Т.Ю.',5 ),
( 232,'Трубина О.А.',20 ),
( 314,'Трякин В.В.',6 ),
( 565,'Тряпельников С.А',9 ),
( 458,'Тульский И.Н.',6 ),
( 867,'Туманевич Сергей',25 ),
( 322,'Туманова Е.О.',16 ),
( 64,'Туринцов В.Ю.',6 ),
( 538,'Улубиев Ч.В.',5 ),
( 705,'',6 ),
( 706,'Ульянов С.',6 ),
( 834,'Ульянов С.А.',6 ),
( 310,'Ус Е.М.',17 ),
( 668,'Ускова Ю.Г.',16 ),
( 276,'Уткина Н.В.',16 ),
( 328,'Файчук О.В.',5 ),
( 767,'Федин А.М',9 ),
( 676,'Федоров С.Г.',5 ),
( 269,'Федотов Д.Н.',16 ),
( 857,'Федюшкин Виктор',25 ),
( 581,'Филатов А.Ю.',16 ),
( 65,'Филатов В.Е.',6 ),
( 638,'',6 ),
( 639,'Филимоненко И.А.',6 ),
( 568,'Филиппов М.Е.',6 ),
( 359,'Филиппова Е. А.',21 ),
( 441,'Флюр И.В.',21 ),
( 347,'Фомин О.В.',5 ),
( 444,'Фомина О. А.',21 ),
( 655,'Фомочкина И.В',19 ),
( 78,'Фролов А.П.',6 ),
( 263,'Хабатулин Т. К.',16 ),
( 657,'Хайруллин Р.Р.',4 ),
( 305,'Харламов Д.В.',5 ),
( 754,'Хван Е.В.',5 ),
( 870,'Хворых Ксения',25 ),
( 95,'Хингеева М.Г.',5 ),
( 71,'Хныкин С.С.',6 ),
( 440,'Ходаковский Д А',21 ),
( 413,'Ходаковский Д.А.',4 ),
( 426,'Ходаковский Д.А.',6 ),
( 66,'Хоменко В.А.',6 ),
( 67,'Хохлов А.А.',6 ),
( 68,'Царев П.А.',6 ),
( 386,'Царегородцева Я.А.',5 ),
( 884,'Царегородцева Я,А,',16 ),
( 703,'Цветков А.Л.',5 ),
( 699,'Цветков А.Л.',22 ),
( 224,'Цветов П.В.',6 ),
( 876,'Цвирко Мария',25 ),
( 773,'Цвирко М. В.',22 ),
( 456,'Чегляева М.В.',16 ),
( 405,'Черепенников С.И,',16 ),
( 115,'Чесноков Б.А.',16 ),
( 144,'Четвериков М.А.',4 ),
( 479,'Чеховой С.А.',5 ),
( 181,'Чеченков О.А.',5 ),
( 113,'Чиаурели Р.М.',16 ),
( 219,'Чиркова И.А.',1 ),
( 873,'Чичерова Екатерина',25 ),
( 768,'Чойдопов Д.В.',4 ),
( 794,'Чуриков М.А.',6 ),
( 145,'Шабанов П.С.',4 ),
( 166,'Шабельский И.Ю.',10 ),
( 354,'Шайденко А.А.',5 ),
( 788,'Шамаев А.А.',6 ),
( 268,'Шарова Е.Н.',5 ),
( 858,'Шаталов Леонид',25 ),
( 708,'Шашков А.В.',16 ),
( 184,'Швыченкова Ю.А.',5 ),
( 500,'Шевченко В. В.',5 ),
( 366,'Шевченко В.В.',5 ),
( 407,'Шевченко В.В.',21 ),
( 302,'Шевченко В.В.',22 ),
( 533,'Шевченко В. Ф.',16 ),
( 865,'Шемяков Сергей',25 ),
( 860,'Шершень Сергей',25 ),
( 470,'Шерыханов А.А.',21 ),
( 822,'Шестаков А.В.',5 ),
( 245,'Шеф - редактор',5 ),
( 306,'Шилина Т.',5 ),
( 376,'Шипицына Ю.М.',16 ),
( 815,'Ширманов Д.Н.',21 ),
( 161,'Ширяев А.Н.',4 ),
( 804,'Ширяева Е. В.',5 ),
( 790,'Ширяева Е.В.',5 ),
( 377,'Штерн И.Г.',16 ),
( 694,'Шурыгин И.А.',21 ),
( 688,'Щамхалова Н.Р.',5 ),
( 222,'Щелканова Н.В.',20 ),
( 582,'Лисункина Ю.А.',5 ),
( 240,'Явцева К.В.',17 ),
( 802,'Яковлев А.В.',6 ),
( 96,'Янина А.А.',5 ),
( 350,'Янина А.А.',21 ),
( 760,'Янушкевич И. В.',16 );
